id,target
0,no
1,no
2,no
3,yes
4,yes
5,no
6,no
7,yes
8,no
9,no
10,yes
11,no
12,yes
13,no
14,no
15,yes
16,no
17,yes
18,no
19,no
20,yes
21,no
22,no
23,no
24,no
25,no
26,no
27,no
28,yes
29,yes
30,no
31,no
32,no
33,yes
34,yes
35,yes
36,yes
37,yes
38,no
39,no
40,no
41,no
42,no
43,no
44,no
45,no
46,no
47,no
48,yes
49,yes
50,no
51,no
52,yes
53,no
54,no
55,no
56,yes
57,no
58,yes
59,yes
60,yes
61,yes
62,yes
63,yes
64,no
65,no
66,no
67,no
68,no
69,no
70,no
71,no
72,no
73,yes
74,no
75,no
76,yes
77,no
78,no
79,no
80,no
81,no
82,no
83,yes
84,yes
85,yes
86,no
87,yes
88,yes
89,yes
90,no
91,yes
92,yes
93,no
94,no
95,no
96,yes
97,no
98,yes
99,yes
100,no
101,no
102,yes
103,no
104,no
105,no
106,no
107,no
108,yes
109,yes
110,yes
111,yes
112,yes
113,yes
114,no
115,no
116,yes
117,yes
118,yes
119,yes
120,yes
121,yes
122,no
123,no
124,yes
125,yes
126,yes
127,yes
128,no
129,yes
130,no
131,yes
132,yes
133,no
134,yes
135,yes
136,yes
137,yes
138,yes
139,no
140,no
141,yes
142,no
143,no
144,yes
145,yes
146,no
147,no
148,yes
149,no
150,no
151,no
152,yes
153,no
154,yes
155,yes
156,yes
157,yes
158,yes
159,no
160,yes
161,no
162,no
163,yes
164,no
165,no
166,yes
167,yes
168,no
169,yes
170,no
171,yes
172,no
173,no
174,yes
175,no
176,no
177,no
178,no
179,yes
180,no
181,yes
182,no
183,yes
184,no
185,yes
186,yes
187,no
188,no
189,yes
190,yes
191,yes
192,yes
193,no
194,yes
195,no
196,no
197,no
198,yes
199,no
200,no
201,yes
202,yes
203,yes
204,yes
205,no
206,yes
207,no
208,yes
209,no
210,yes
211,yes
212,no
213,no
214,yes
215,yes
216,no
217,yes
218,yes
219,no
220,no
221,no
222,no
223,no
224,no
225,no
226,yes
227,no
228,yes
229,no
230,no
231,no
232,yes
233,no
234,no
235,yes
236,no
237,no
238,yes
239,yes
240,no
241,no
242,no
243,yes
244,no
245,no
246,yes
247,yes
248,yes
249,no
250,no
251,no
252,yes
253,no
254,yes
255,no
256,no
257,yes
258,yes
259,yes
260,yes
261,no
262,no
263,no
264,yes
265,yes
266,yes
267,no
268,no
269,yes
270,yes
271,yes
272,no
273,no
274,yes
275,yes
276,yes
277,no
278,no
279,yes
280,no
281,yes
282,no
283,yes
284,yes
285,yes
286,yes
287,yes
288,yes
289,yes
290,no
291,yes
292,no
293,yes
294,no
295,yes
296,yes
297,no
298,no
299,no
300,yes
301,yes
302,no
303,yes
304,no
305,yes
306,no
307,yes
308,yes
309,no
310,yes
311,yes
312,yes
313,yes
314,no
315,no
316,yes
317,yes
318,yes
319,yes
320,yes
321,no
322,no
323,yes
324,no
325,no
326,yes
327,yes
328,no
329,no
330,yes
331,no
332,no
333,no
334,yes
335,yes
336,no
337,yes
338,yes
339,yes
340,yes
341,no
342,yes
343,yes
344,yes
345,yes
346,no
347,yes
348,yes
349,yes
350,yes
351,yes
352,yes
353,yes
354,yes
355,yes
356,no
357,no
358,yes
359,no
360,yes
361,yes
362,no
363,no
364,no
365,yes
366,yes
367,yes
368,no
369,yes
370,no
371,no
372,no
373,no
374,yes
375,yes
376,no
377,no
378,no
379,yes
380,yes
381,no
382,no
383,no
384,yes
385,yes
386,yes
387,yes
388,no
389,no
390,yes
391,yes
392,no
393,no
394,no
395,yes
396,yes
397,yes
398,yes
399,yes
400,no
401,no
402,yes
403,no
404,no
405,yes
406,yes
407,no
408,no
409,yes
410,no
411,yes
412,no
413,no
414,no
415,no
416,no
417,no
418,yes
419,no
420,no
421,yes
422,yes
423,yes
424,yes
425,yes
426,yes
427,no
428,yes
429,no
430,no
431,yes
432,no
433,no
434,yes
435,yes
436,yes
437,no
438,yes
439,yes
440,yes
441,no
442,yes
443,no
444,no
445,yes
446,yes
447,yes
448,no
449,no
450,yes
451,no
452,yes
453,no
454,yes
455,no
456,yes
457,yes
458,yes
459,yes
460,yes
461,no
462,yes
463,no
464,no
465,no
466,no
467,yes
468,yes
469,no
470,yes
471,yes
472,yes
473,yes
474,yes
475,no
476,yes
477,yes
478,yes
479,yes
480,no
481,no
482,yes
483,yes
484,no
485,yes
486,no
487,no
488,no
489,no
490,yes
491,yes
492,yes
493,no
494,yes
495,yes
496,no
497,yes
498,no
499,no
500,no
501,no
502,no
503,yes
504,no
505,yes
506,yes
507,no
508,no
509,no
510,no
511,no
512,no
513,yes
514,no
515,no
516,no
517,yes
518,no
519,yes
520,yes
521,no
522,no
523,yes
524,yes
525,no
526,no
527,yes
528,no
529,no
530,no
531,yes
532,yes
533,yes
534,yes
535,yes
536,no
537,no
538,no
539,yes
540,yes
541,yes
542,yes
543,no
544,no
545,no
546,no
547,yes
548,yes
549,no
550,no
551,yes
552,yes
553,yes
554,yes
555,no
556,yes
557,no
558,yes
559,no
560,no
561,no
562,yes
563,yes
564,yes
565,yes
566,no
567,yes
568,yes
569,yes
570,no
571,yes
572,yes
573,no
574,no
575,yes
576,yes
577,yes
578,no
579,no
580,yes
581,no
582,yes
583,yes
584,yes
585,no
586,no
587,yes
588,no
589,yes
590,no
591,yes
592,no
593,yes
594,yes
595,yes
596,yes
597,no
598,no
599,yes
600,yes
601,yes
602,yes
603,yes
604,yes
605,no
606,yes
607,no
608,yes
609,yes
610,yes
611,yes
612,no
613,no
614,no
615,yes
616,yes
617,yes
618,yes
619,no
620,yes
621,yes
622,no
623,no
624,no
625,no
626,no
627,no
628,no
629,no
630,yes
631,no
632,yes
633,yes
634,yes
635,yes
636,yes
637,no
638,no
639,yes
640,no
641,yes
642,no
643,yes
644,no
645,no
646,yes
647,yes
648,no
649,no
650,yes
651,no
652,yes
653,no
654,yes
655,yes
656,no
657,yes
658,yes
659,no
660,no
661,no
662,yes
663,yes
664,yes
665,yes
666,no
667,yes
668,yes
669,yes
670,yes
671,yes
672,no
673,yes
674,no
675,yes
676,no
677,no
678,no
679,no
680,no
681,no
682,yes
683,no
684,yes
685,no
686,no
687,yes
688,no
689,yes
690,no
691,yes
692,no
693,no
694,no
695,no
696,yes
697,yes
698,yes
699,yes
700,no
701,yes
702,no
703,yes
704,yes
705,yes
706,yes
707,yes
708,yes
709,yes
710,yes
711,yes
712,yes
713,yes
714,yes
715,yes
716,no
717,no
718,no
719,no
720,yes
721,no
722,yes
723,yes
724,yes
725,yes
726,yes
727,no
728,no
729,yes
730,yes
731,yes
732,no
733,no
734,no
735,yes
736,yes
737,yes
738,yes
739,yes
740,yes
741,yes
742,no
743,no
744,yes
745,yes
746,no
747,no
748,yes
749,yes
750,no
751,yes
752,yes
753,no
754,no
755,no
756,no
757,yes
758,no
759,no
760,yes
761,yes
762,yes
763,yes
764,no
765,yes
766,no
767,no
768,yes
769,yes
770,no
771,yes
772,no
773,yes
774,yes
775,no
776,yes
777,no
778,yes
779,no
780,yes
781,yes
782,yes
783,yes
784,no
785,no
786,yes
787,no
788,no
789,yes
790,no
791,no
792,yes
793,no
794,no
795,no
796,yes
797,yes
798,yes
799,yes
800,yes
801,yes
802,yes
803,yes
804,yes
805,no
806,yes
807,yes
808,yes
809,no
810,yes
811,no
812,no
813,no
814,no
815,no
816,yes
817,yes
818,yes
819,yes
820,no
821,yes
822,no
823,yes
824,yes
825,no
826,no
827,yes
828,yes
829,yes
830,no
831,no
832,yes
833,yes
834,no
835,no
836,no
837,no
838,no
839,no
840,no
841,yes
842,yes
843,no
844,no
845,yes
846,no
847,yes
848,no
849,yes
850,yes
851,no
852,no
853,no
854,no
855,no
856,no
857,no
858,no
859,yes
860,yes
861,no
862,no
863,yes
864,no
865,no
866,yes
867,yes
868,yes
869,yes
870,no
871,no
872,no
873,yes
874,yes
875,no
876,yes
877,no
878,yes
879,no
880,no
881,no
882,no
883,no
884,yes
885,yes
886,yes
887,no
888,yes
889,yes
890,yes
891,yes
892,no
893,yes
894,yes
895,yes
896,yes
897,no
898,yes
899,yes
900,no
901,yes
902,yes
903,no
904,yes
905,yes
906,no
907,yes
908,no
909,yes
910,yes
911,no
912,no
913,no
914,no
915,yes
916,yes
917,no
918,yes
919,yes
920,yes
921,yes
922,no
923,no
924,yes
925,yes
926,no
927,no
928,yes
929,no
930,no
931,yes
932,yes
933,yes
934,no
935,no
936,yes
937,yes
938,yes
939,no
940,no
941,no
942,no
943,yes
944,no
945,yes
946,yes
947,yes
948,yes
949,yes
950,yes
951,no
952,yes
953,yes
954,yes
955,yes
956,no
957,no
958,yes
959,yes
960,no
961,no
962,yes
963,yes
964,yes
965,no
966,yes
967,yes
968,no
969,yes
970,no
971,no
972,yes
973,no
974,yes
975,no
976,yes
977,no
978,yes
979,no
980,no
981,yes
982,yes
983,yes
984,yes
985,yes
986,yes
987,no
988,yes
989,no
990,no
991,yes
992,yes
993,yes
994,no
995,yes
996,yes
997,no
998,no
999,no
1000,yes
1001,no
1002,yes
1003,yes
1004,yes
1005,no
1006,no
1007,yes
1008,yes
1009,no
1010,no
1011,no
1012,yes
1013,yes
1014,no
1015,yes
1016,yes
1017,no
1018,no
1019,no
1020,yes
1021,no
1022,yes
1023,yes
1024,yes
1025,no
1026,yes
1027,no
1028,yes
1029,no
1030,yes
1031,no
1032,no
1033,no
1034,no
1035,yes
1036,yes
1037,no
1038,yes
1039,yes
1040,no
1041,yes
1042,yes
1043,no
1044,no
1045,yes
1046,yes
1047,yes
1048,no
1049,no
1050,yes
1051,no
1052,yes
1053,no
1054,no
1055,yes
1056,yes
1057,yes
1058,no
1059,no
1060,yes
1061,no
1062,no
1063,yes
1064,no
1065,no
1066,yes
1067,yes
1068,yes
1069,no
1070,no
1071,yes
1072,yes
1073,no
1074,no
1075,no
1076,yes
1077,yes
1078,no
1079,yes
1080,yes
1081,yes
1082,no
1083,yes
1084,yes
1085,no
1086,yes
1087,no
1088,no
1089,yes
1090,yes
1091,yes
1092,no
1093,no
1094,no
1095,no
1096,yes
1097,no
1098,yes
1099,no
1100,yes
1101,yes
1102,yes
1103,yes
1104,yes
1105,no
1106,no
1107,yes
1108,no
1109,yes
1110,yes
1111,yes
1112,yes
1113,yes
1114,yes
1115,no
1116,yes
1117,no
1118,no
1119,yes
1120,no
1121,yes
1122,no
1123,yes
1124,yes
1125,yes
1126,yes
1127,yes
1128,yes
1129,no
1130,yes
1131,yes
1132,no
1133,yes
1134,yes
1135,no
1136,no
1137,no
1138,yes
1139,no
1140,yes
1141,yes
1142,no
1143,yes
1144,yes
1145,yes
1146,no
1147,yes
1148,yes
1149,no
1150,no
1151,no
1152,yes
1153,yes
1154,yes
1155,yes
1156,no
1157,no
1158,yes
1159,yes
1160,no
1161,no
1162,yes
1163,yes
1164,yes
1165,yes
1166,no
1167,no
1168,no
1169,yes
1170,yes
1171,yes
1172,no
1173,yes
1174,yes
1175,no
1176,no
1177,yes
1178,no
1179,yes
1180,yes
1181,yes
1182,yes
1183,no
1184,yes
1185,no
1186,no
1187,yes
1188,yes
1189,yes
1190,no
1191,yes
1192,no
1193,yes
1194,yes
1195,no
1196,yes
1197,no
1198,yes
1199,yes
1200,no
1201,no
1202,no
1203,yes
1204,no
1205,no
1206,no
1207,no
1208,no
1209,no
1210,yes
1211,yes
1212,yes
1213,yes
1214,no
1215,no
1216,yes
1217,yes
1218,no
1219,yes
1220,no
1221,yes
1222,no
1223,no
1224,no
1225,yes
1226,no
1227,no
1228,no
1229,no
1230,no
1231,no
1232,yes
1233,no
1234,yes
1235,no
1236,no
1237,no
1238,no
1239,no
1240,yes
1241,yes
1242,yes
1243,yes
1244,no
1245,no
1246,no
1247,yes
1248,no
1249,no
1250,yes
1251,no
1252,yes
1253,yes
1254,no
1255,yes
1256,no
1257,yes
1258,no
1259,no
1260,no
1261,yes
1262,no
1263,yes
1264,no
1265,yes
1266,no
1267,no
1268,yes
1269,no
1270,no
1271,no
1272,no
1273,no
1274,yes
1275,no
1276,no
1277,no
1278,no
1279,yes
1280,yes
1281,yes
1282,yes
1283,yes
1284,yes
1285,no
1286,no
1287,yes
1288,yes
1289,yes
1290,no
1291,no
1292,yes
1293,no
1294,yes
1295,yes
1296,no
1297,no
1298,no
1299,yes
1300,no
1301,yes
1302,yes
1303,no
1304,no
1305,yes
1306,no
1307,yes
1308,yes
1309,yes
1310,yes
1311,yes
1312,yes
1313,no
1314,yes
1315,yes
1316,yes
1317,yes
1318,yes
1319,yes
1320,yes
1321,no
1322,no
1323,yes
1324,yes
1325,no
1326,yes
1327,no
1328,yes
1329,no
1330,yes
1331,no
1332,no
1333,no
1334,no
1335,no
1336,yes
1337,yes
1338,no
1339,no
1340,no
1341,yes
1342,no
1343,no
1344,yes
1345,yes
1346,yes
1347,no
1348,no
1349,no
1350,no
1351,no
1352,yes
1353,yes
1354,no
1355,no
1356,yes
1357,yes
1358,yes
1359,no
1360,no
1361,yes
1362,no
1363,yes
1364,yes
1365,yes
1366,no
1367,yes
1368,yes
1369,no
1370,yes
1371,yes
1372,yes
1373,no
1374,yes
1375,no
1376,yes
1377,yes
1378,yes
1379,no
1380,yes
1381,no
1382,no
1383,yes
1384,no
1385,yes
1386,yes
1387,no
1388,no
1389,no
1390,yes
1391,no
1392,no
1393,no
1394,no
1395,no
1396,yes
1397,no
1398,no
1399,yes
1400,yes
1401,no
1402,no
1403,yes
1404,no
1405,yes
1406,yes
1407,no
1408,no
1409,no
1410,no
1411,yes
1412,yes
1413,yes
1414,no
1415,no
1416,yes
1417,yes
1418,yes
1419,yes
1420,no
1421,yes
1422,no
1423,yes
1424,yes
1425,no
1426,yes
1427,yes
1428,no
1429,no
1430,no
1431,yes
1432,no
1433,yes
1434,no
1435,no
1436,no
1437,no
1438,yes
1439,no
1440,no
1441,no
1442,yes
1443,yes
1444,yes
1445,yes
1446,no
1447,yes
1448,no
1449,no
1450,no
1451,no
1452,no
1453,no
1454,yes
1455,no
1456,no
1457,no
1458,yes
1459,yes
1460,no
1461,yes
1462,yes
1463,no
1464,no
1465,yes
1466,no
1467,yes
1468,no
1469,no
1470,no
1471,yes
1472,yes
1473,no
1474,no
1475,yes
1476,no
1477,no
1478,no
1479,yes
1480,no
1481,no
1482,no
1483,yes
1484,no
1485,no
1486,no
1487,yes
1488,no
1489,yes
1490,no
1491,no
1492,no
1493,yes
1494,yes
1495,yes
1496,no
1497,yes
1498,no
1499,no
1500,yes
1501,yes
1502,yes
1503,no
1504,yes
1505,no
1506,no
1507,no
1508,no
1509,no
1510,no
1511,yes
1512,yes
1513,yes
1514,yes
1515,no
1516,yes
1517,yes
1518,no
1519,no
1520,no
1521,no
1522,no
1523,no
1524,yes
1525,yes
1526,yes
1527,yes
1528,yes
1529,yes
1530,yes
1531,yes
1532,yes
1533,no
1534,no
1535,yes
1536,no
1537,no
1538,yes
1539,no
1540,yes
1541,yes
1542,no
1543,yes
1544,no
1545,yes
1546,no
1547,yes
1548,yes
1549,yes
1550,no
1551,no
1552,no
1553,no
1554,yes
1555,no
1556,no
1557,yes
1558,yes
1559,yes
1560,no
1561,no
1562,no
1563,yes
1564,no
1565,no
1566,no
1567,yes
1568,no
1569,yes
1570,yes
1571,yes
1572,yes
1573,yes
1574,yes
1575,no
1576,no
1577,yes
1578,yes
1579,yes
1580,yes
1581,no
1582,yes
1583,yes
1584,yes
1585,no
1586,yes
1587,yes
1588,no
1589,no
1590,yes
1591,no
1592,yes
1593,no
1594,no
1595,yes
1596,yes
1597,yes
1598,yes
1599,yes
1600,yes
1601,no
1602,yes
1603,yes
1604,no
1605,yes
1606,yes
1607,no
1608,yes
1609,yes
1610,no
1611,yes
1612,no
1613,no
1614,yes
1615,yes
1616,yes
1617,yes
1618,no
1619,yes
1620,no
1621,no
1622,yes
1623,yes
1624,yes
1625,yes
1626,no
1627,yes
1628,yes
1629,yes
1630,yes
1631,yes
1632,no
1633,yes
1634,yes
1635,no
1636,yes
1637,yes
1638,no
1639,yes
1640,no
1641,no
1642,no
1643,yes
1644,no
1645,no
1646,no
1647,no
1648,yes
1649,yes
1650,yes
1651,no
1652,yes
1653,no
1654,no
1655,yes
1656,no
1657,no
1658,no
1659,yes
1660,yes
1661,no
1662,no
1663,yes
1664,yes
1665,no
1666,no
1667,no
1668,no
1669,no
1670,no
1671,yes
1672,no
1673,no
1674,no
1675,no
1676,yes
1677,no
1678,yes
1679,yes
1680,no
1681,yes
1682,no
1683,no
1684,yes
1685,no
1686,no
1687,yes
1688,yes
1689,no
1690,yes
1691,yes
1692,yes
1693,yes
1694,no
1695,no
1696,yes
1697,no
1698,yes
1699,yes
1700,yes
1701,yes
1702,no
1703,no
1704,yes
1705,yes
1706,yes
1707,no
1708,yes
1709,no
1710,no
1711,no
1712,no
1713,yes
1714,no
1715,no
1716,no
1717,yes
1718,yes
1719,yes
1720,no
1721,yes
1722,no
1723,yes
1724,no
1725,no
1726,no
1727,no
1728,no
1729,no
1730,yes
1731,yes
1732,yes
1733,yes
1734,yes
1735,yes
1736,no
1737,no
1738,no
1739,yes
1740,no
1741,yes
1742,no
1743,yes
1744,yes
1745,yes
1746,yes
1747,yes
1748,yes
1749,no
1750,yes
1751,yes
1752,no
1753,yes
1754,yes
1755,yes
1756,no
1757,yes
1758,yes
1759,no
1760,yes
1761,yes
1762,yes
1763,no
1764,yes
1765,yes
1766,no
1767,no
1768,no
1769,yes
1770,no
1771,yes
1772,no
1773,yes
1774,yes
1775,yes
1776,no
1777,no
1778,no
1779,no
1780,no
1781,yes
1782,yes
1783,no
1784,yes
1785,yes
1786,yes
1787,yes
1788,yes
1789,yes
1790,yes
1791,no
1792,no
1793,no
1794,yes
1795,yes
1796,no
1797,yes
1798,yes
1799,yes
1800,yes
1801,yes
1802,yes
1803,yes
1804,yes
1805,no
1806,no
1807,yes
1808,yes
1809,no
1810,yes
1811,no
1812,no
1813,yes
1814,no
1815,no
1816,no
1817,no
1818,no
1819,no
1820,yes
1821,yes
1822,yes
1823,no
1824,no
1825,no
1826,no
1827,no
1828,no
1829,no
1830,no
1831,no
1832,no
1833,yes
1834,yes
1835,yes
1836,yes
1837,no
1838,yes
1839,no
1840,yes
1841,no
1842,no
1843,yes
1844,no
1845,no
1846,yes
1847,yes
1848,no
1849,no
1850,yes
1851,yes
1852,yes
1853,yes
1854,yes
1855,yes
1856,no
1857,yes
1858,no
1859,no
1860,no
1861,no
1862,yes
1863,yes
1864,no
1865,no
1866,no
1867,yes
1868,no
1869,yes
1870,no
1871,yes
1872,yes
1873,yes
1874,yes
1875,yes
1876,no
1877,yes
1878,no
1879,no
1880,no
1881,yes
1882,no
1883,no
1884,no
1885,yes
1886,yes
1887,yes
1888,no
1889,yes
1890,yes
1891,yes
1892,yes
1893,yes
1894,yes
1895,no
1896,no
1897,yes
1898,yes
1899,yes
1900,yes
1901,no
1902,yes
1903,no
1904,no
1905,yes
1906,yes
1907,yes
1908,no
1909,no
1910,no
1911,no
1912,yes
1913,no
1914,yes
1915,yes
1916,no
1917,yes
1918,no
1919,yes
1920,yes
1921,yes
1922,no
1923,no
1924,no
1925,yes
1926,yes
1927,no
1928,no
1929,yes
1930,no
1931,no
1932,yes
1933,no
1934,yes
1935,yes
1936,yes
1937,no
1938,yes
1939,no
1940,yes
1941,yes
1942,no
1943,no
1944,yes
1945,no
1946,yes
1947,no
1948,yes
1949,no
1950,no
1951,no
1952,no
1953,yes
1954,yes
1955,no
1956,yes
1957,no
1958,no
1959,no
1960,no
1961,yes
1962,yes
1963,yes
1964,yes
1965,no
1966,no
1967,no
1968,yes
1969,no
1970,yes
1971,no
1972,yes
1973,yes
1974,no
1975,no
1976,no
1977,no
1978,yes
1979,yes
1980,no
1981,yes
1982,no
1983,yes
1984,no
1985,yes
1986,yes
1987,no
1988,no
1989,yes
1990,no
1991,no
1992,yes
1993,yes
1994,no
1995,yes
1996,no
1997,yes
1998,yes
1999,yes
2000,yes
2001,yes
2002,no
2003,yes
2004,no
2005,no
2006,no
2007,yes
2008,yes
2009,no
2010,no
2011,yes
2012,no
2013,no
2014,yes
2015,no
2016,yes
2017,yes
2018,no
2019,no
2020,yes
2021,no
2022,yes
2023,no
2024,no
2025,yes
2026,yes
2027,yes
2028,yes
2029,yes
2030,yes
2031,no
2032,yes
2033,no
2034,no
2035,no
2036,yes
2037,yes
2038,yes
2039,yes
2040,no
2041,yes
2042,no
2043,yes
2044,yes
2045,yes
2046,yes
2047,no
2048,no
2049,no
2050,no
2051,no
2052,no
2053,yes
2054,yes
2055,no
2056,yes
2057,no
2058,yes
2059,no
2060,no
2061,no
2062,yes
2063,yes
2064,no
2065,yes
2066,no
2067,yes
2068,yes
2069,yes
2070,yes
2071,no
2072,yes
2073,no
2074,yes
2075,no
2076,yes
2077,yes
2078,yes
2079,yes
2080,yes
2081,yes
2082,no
2083,no
2084,no
2085,no
2086,no
2087,yes
2088,no
2089,yes
2090,no
2091,yes
2092,no
2093,yes
2094,no
2095,yes
2096,no
2097,no
2098,no
2099,no
2100,no
2101,yes
2102,no
2103,yes
2104,no
2105,yes
2106,no
2107,yes
2108,no
2109,yes
2110,yes
2111,no
2112,yes
2113,yes
2114,no
2115,no
2116,no
2117,no
2118,yes
2119,no
2120,no
2121,no
2122,no
2123,no
2124,no
2125,no
2126,no
2127,yes
2128,no
2129,no
2130,no
2131,yes
2132,yes
2133,no
2134,no
2135,yes
2136,no
2137,yes
2138,yes
2139,yes
2140,no
2141,yes
2142,yes
2143,yes
2144,no
2145,no
2146,yes
2147,no
2148,no
2149,no
2150,no
2151,no
2152,no
2153,yes
2154,no
2155,no
2156,no
2157,no
2158,yes
2159,yes
2160,yes
2161,no
2162,yes
2163,no
2164,no
2165,yes
2166,no
2167,no
2168,yes
2169,no
2170,yes
2171,no
2172,yes
2173,no
2174,yes
2175,yes
2176,no
2177,yes
2178,no
2179,no
2180,yes
2181,yes
2182,no
2183,no
2184,yes
2185,yes
2186,no
2187,yes
2188,yes
2189,no
2190,no
2191,no
2192,no
2193,no
2194,yes
2195,yes
2196,no
2197,yes
2198,yes
2199,no
2200,no
2201,yes
2202,no
2203,yes
2204,no
2205,no
2206,yes
2207,yes
2208,yes
2209,yes
2210,no
2211,yes
2212,no
2213,yes
2214,no
2215,yes
2216,no
2217,yes
2218,yes
2219,yes
2220,yes
2221,yes
2222,yes
2223,yes
2224,yes
2225,no
2226,no
2227,no
2228,yes
2229,yes
2230,yes
2231,yes
2232,yes
2233,no
2234,no
2235,no
2236,no
2237,no
2238,yes
2239,no
2240,no
2241,yes
2242,yes
2243,yes
2244,no
2245,no
2246,yes
2247,yes
2248,yes
2249,yes
2250,no
2251,no
2252,no
2253,yes
2254,no
2255,no
2256,no
2257,no
2258,no
2259,no
2260,yes
2261,yes
2262,no
2263,yes
2264,yes
2265,yes
2266,yes
2267,no
2268,yes
2269,yes
2270,no
2271,no
2272,yes
2273,no
2274,no
2275,no
2276,yes
2277,yes
2278,no
2279,yes
2280,no
2281,yes
2282,yes
2283,no
2284,yes
2285,no
2286,yes
2287,yes
2288,no
2289,no
2290,yes
2291,yes
2292,no
2293,yes
2294,yes
2295,yes
2296,no
2297,no
2298,yes
2299,yes
2300,no
2301,no
2302,yes
2303,no
2304,no
2305,no
2306,yes
2307,no
2308,no
2309,no
2310,yes
2311,yes
2312,yes
2313,yes
2314,yes
2315,yes
2316,no
2317,yes
2318,no
2319,no
2320,yes
2321,no
2322,no
2323,yes
2324,yes
2325,yes
2326,no
2327,yes
2328,yes
2329,yes
2330,yes
2331,yes
2332,no
2333,yes
2334,yes
2335,no
2336,yes
2337,no
2338,yes
2339,yes
2340,no
2341,yes
2342,yes
2343,yes
2344,yes
2345,no
2346,no
2347,no
2348,no
2349,yes
2350,no
2351,no
2352,yes
2353,no
2354,yes
2355,no
2356,yes
2357,yes
2358,yes
2359,yes
2360,no
2361,no
2362,no
2363,no
2364,no
2365,no
2366,no
2367,no
2368,no
2369,yes
2370,no
2371,yes
2372,yes
2373,no
2374,no
2375,yes
2376,no
2377,yes
2378,yes
2379,no
2380,yes
2381,no
2382,no
2383,no
2384,yes
2385,no
2386,no
2387,no
2388,no
2389,no
2390,no
2391,no
2392,no
2393,yes
2394,no
2395,yes
2396,yes
2397,yes
2398,yes
2399,no
2400,no
2401,yes
2402,yes
2403,yes
2404,no
2405,no
2406,yes
2407,no
2408,yes
2409,no
2410,no
2411,no
2412,no
2413,no
2414,yes
2415,yes
2416,no
2417,no
2418,yes
2419,yes
2420,yes
2421,yes
2422,yes
2423,no
2424,yes
2425,yes
2426,yes
2427,yes
2428,yes
2429,yes
2430,no
2431,no
2432,yes
2433,no
2434,no
2435,no
2436,yes
2437,no
2438,no
2439,yes
2440,yes
2441,yes
2442,yes
2443,yes
2444,yes
2445,yes
2446,no
2447,yes
2448,yes
2449,yes
2450,yes
2451,yes
2452,yes
2453,yes
2454,no
2455,no
2456,yes
2457,no
2458,yes
2459,no
2460,yes
2461,yes
2462,yes
2463,yes
2464,no
2465,no
2466,yes
2467,yes
2468,yes
2469,no
2470,no
2471,no
2472,no
2473,no
2474,no
2475,yes
2476,no
2477,yes
2478,no
2479,yes
2480,yes
2481,yes
2482,no
2483,yes
2484,yes
2485,yes
2486,no
2487,yes
2488,no
2489,no
2490,no
2491,yes
2492,yes
2493,no
2494,no
2495,no
2496,yes
2497,no
2498,no
2499,yes
2500,no
2501,yes
2502,no
2503,no
2504,no
2505,no
2506,no
2507,no
2508,no
2509,yes
2510,no
2511,yes
2512,yes
2513,yes
2514,yes
2515,yes
2516,no
2517,yes
2518,yes
2519,no
2520,no
2521,no
2522,yes
2523,yes
2524,no
2525,no
2526,yes
2527,no
2528,no
2529,yes
2530,no
2531,no
2532,no
2533,yes
2534,no
2535,yes
2536,no
2537,yes
2538,no
2539,yes
2540,yes
2541,yes
2542,no
2543,yes
2544,no
2545,no
2546,no
2547,yes
2548,yes
2549,no
2550,no
2551,yes
2552,no
2553,no
2554,yes
2555,no
2556,yes
2557,yes
2558,yes
2559,no
2560,yes
2561,no
2562,yes
2563,no
2564,no
2565,yes
2566,yes
2567,no
2568,yes
2569,no
2570,no
2571,no
2572,yes
2573,no
2574,yes
2575,no
2576,yes
2577,yes
2578,no
2579,no
2580,no
2581,no
2582,no
2583,yes
2584,no
2585,yes
2586,no
2587,yes
2588,yes
2589,yes
2590,no
2591,yes
2592,yes
2593,yes
2594,yes
2595,no
2596,no
2597,no
2598,no
2599,no
2600,yes
2601,yes
2602,yes
2603,yes
2604,yes
2605,no
2606,yes
2607,no
2608,no
2609,no
2610,no
2611,no
2612,yes
2613,yes
2614,no
2615,no
2616,yes
2617,yes
2618,no
2619,yes
2620,yes
2621,no
2622,yes
2623,no
2624,yes
2625,yes
2626,no
2627,yes
2628,yes
2629,no
2630,no
2631,no
2632,no
2633,no
2634,no
2635,no
2636,no
2637,yes
2638,no
2639,no
2640,yes
2641,yes
2642,no
2643,yes
2644,yes
2645,yes
2646,no
2647,no
2648,yes
2649,no
2650,no
2651,yes
2652,yes
2653,no
2654,no
2655,yes
2656,no
2657,yes
2658,yes
2659,no
2660,yes
2661,no
2662,no
2663,no
2664,yes
2665,no
2666,yes
2667,yes
2668,yes
2669,no
2670,yes
2671,no
2672,no
2673,no
2674,no
2675,yes
2676,no
2677,yes
2678,no
2679,yes
2680,yes
2681,no
2682,no
2683,no
2684,yes
2685,yes
2686,no
2687,yes
2688,yes
2689,yes
2690,no
2691,no
2692,yes
2693,yes
2694,no
2695,no
2696,no
2697,yes
2698,no
2699,yes
2700,yes
2701,yes
2702,no
2703,yes
2704,no
2705,yes
2706,yes
2707,no
2708,no
2709,no
2710,no
2711,yes
2712,yes
2713,yes
2714,yes
2715,no
2716,yes
2717,yes
2718,yes
2719,no
2720,yes
2721,no
2722,no
2723,yes
2724,yes
2725,no
2726,no
2727,yes
2728,no
2729,yes
2730,yes
2731,yes
2732,no
2733,yes
2734,yes
2735,no
2736,yes
2737,yes
2738,no
2739,yes
2740,yes
2741,yes
2742,no
2743,no
2744,yes
2745,no
2746,yes
2747,yes
2748,no
2749,no
2750,yes
2751,yes
2752,no
2753,no
2754,no
2755,yes
2756,yes
2757,yes
2758,yes
2759,yes
2760,yes
2761,no
2762,no
2763,yes
2764,yes
2765,yes
2766,yes
2767,no
2768,yes
2769,no
2770,no
2771,yes
2772,yes
2773,yes
2774,yes
2775,no
2776,yes
2777,no
2778,no
2779,no
2780,yes
2781,yes
2782,yes
2783,yes
2784,no
2785,yes
2786,yes
2787,yes
2788,no
2789,no
2790,no
2791,no
2792,yes
2793,no
2794,no
2795,no
2796,no
2797,yes
2798,no
2799,yes
2800,yes
2801,no
2802,no
2803,no
2804,yes
2805,no
2806,no
2807,yes
2808,yes
2809,yes
2810,no
2811,yes
2812,no
2813,yes
2814,no
2815,yes
2816,no
2817,no
2818,no
2819,yes
2820,no
2821,yes
2822,yes
2823,yes
2824,yes
2825,no
2826,yes
2827,yes
2828,no
2829,no
2830,yes
2831,yes
2832,no
2833,yes
2834,no
2835,yes
2836,yes
2837,no
2838,no
2839,yes
2840,yes
2841,yes
2842,yes
2843,no
2844,yes
2845,yes
2846,yes
2847,yes
2848,no
2849,no
2850,no
2851,yes
2852,yes
2853,no
2854,no
2855,yes
2856,yes
2857,yes
2858,yes
2859,yes
2860,no
2861,yes
2862,no
2863,no
2864,yes
2865,yes
2866,no
2867,no
2868,no
2869,no
2870,yes
2871,no
2872,no
2873,no
2874,yes
2875,yes
2876,no
2877,no
2878,yes
2879,yes
2880,no
2881,no
2882,no
2883,no
2884,yes
2885,no
2886,no
2887,yes
2888,no
2889,no
2890,no
2891,yes
2892,yes
2893,no
2894,no
2895,yes
2896,yes
2897,yes
2898,yes
2899,yes
2900,yes
2901,yes
2902,no
2903,no
2904,no
2905,yes
2906,yes
2907,yes
2908,yes
2909,yes
2910,yes
2911,yes
2912,no
2913,yes
2914,no
2915,yes
2916,yes
2917,yes
2918,yes
2919,no
2920,no
2921,no
2922,yes
2923,no
2924,no
2925,no
2926,yes
2927,no
2928,yes
2929,yes
2930,no
2931,no
2932,yes
2933,yes
2934,no
2935,no
2936,no
2937,yes
2938,no
2939,yes
2940,no
2941,no
2942,no
2943,no
2944,yes
2945,no
2946,yes
2947,yes
2948,no
2949,no
2950,no
2951,no
2952,no
2953,yes
2954,no
2955,yes
2956,yes
2957,no
2958,no
2959,yes
2960,yes
2961,yes
2962,yes
2963,no
2964,yes
2965,no
2966,yes
2967,no
2968,yes
2969,yes
2970,no
2971,no
2972,no
2973,no
2974,no
2975,yes
2976,no
2977,yes
2978,no
2979,no
2980,yes
2981,yes
2982,no
2983,no
2984,no
2985,yes
2986,yes
2987,yes
2988,no
2989,yes
2990,yes
2991,no
2992,yes
2993,no
2994,yes
2995,no
2996,no
2997,no
2998,no
2999,no
3000,no
3001,yes
3002,no
3003,yes
3004,no
3005,no
3006,no
3007,no
3008,no
3009,yes
3010,no
3011,no
3012,yes
3013,no
3014,no
3015,no
3016,yes
3017,no
3018,yes
3019,yes
3020,no
3021,no
3022,no
3023,no
3024,yes
3025,yes
3026,no
3027,yes
3028,no
3029,yes
3030,no
3031,yes
3032,no
3033,yes
3034,yes
3035,yes
3036,yes
3037,yes
3038,no
3039,no
3040,yes
3041,yes
3042,yes
3043,no
3044,no
3045,no
3046,no
3047,yes
3048,no
3049,no
3050,no
3051,no
3052,yes
3053,yes
3054,yes
3055,no
3056,yes
3057,yes
3058,yes
3059,no
3060,no
3061,no
3062,no
3063,yes
3064,yes
3065,no
3066,no
3067,yes
3068,yes
3069,yes
3070,no
3071,no
3072,yes
3073,yes
3074,no
3075,yes
3076,no
3077,no
3078,no
3079,no
3080,no
3081,yes
3082,no
3083,no
3084,yes
3085,no
3086,no
3087,yes
3088,yes
3089,yes
3090,no
3091,no
3092,yes
3093,yes
3094,no
3095,no
3096,yes
3097,no
3098,yes
3099,no
3100,yes
3101,yes
3102,no
3103,no
3104,yes
3105,no
3106,yes
3107,yes
3108,no
3109,yes
3110,yes
3111,no
3112,no
3113,no
3114,no
3115,no
3116,no
3117,no
3118,yes
3119,no
3120,yes
3121,yes
3122,yes
3123,no
3124,no
3125,yes
3126,no
3127,yes
3128,no
3129,yes
3130,yes
3131,no
3132,no
3133,yes
3134,no
3135,no
3136,yes
3137,yes
3138,no
3139,no
3140,no
3141,yes
3142,yes
3143,yes
3144,no
3145,yes
3146,yes
3147,yes
3148,yes
3149,no
3150,no
3151,yes
3152,yes
3153,yes
3154,yes
3155,yes
3156,no
3157,no
3158,no
3159,no
3160,yes
3161,yes
3162,no
3163,yes
3164,no
3165,yes
3166,yes
3167,yes
3168,no
3169,no
3170,yes
3171,yes
3172,yes
3173,yes
3174,yes
3175,yes
3176,no
3177,no
3178,no
3179,yes
3180,yes
3181,no
3182,yes
3183,yes
3184,yes
3185,yes
3186,no
3187,no
3188,yes
3189,yes
3190,yes
3191,yes
3192,yes
3193,yes
3194,no
3195,yes
3196,yes
3197,yes
3198,yes
3199,yes
3200,no
3201,yes
3202,no
3203,no
3204,yes
3205,yes
3206,no
3207,yes
3208,no
3209,no
3210,yes
3211,no
3212,no
3213,no
3214,yes
3215,no
3216,no
3217,no
3218,no
3219,no
3220,no
3221,yes
3222,no
3223,yes
3224,yes
3225,no
3226,yes
3227,yes
3228,yes
3229,yes
3230,yes
3231,yes
3232,no
3233,yes
3234,yes
3235,yes
3236,no
3237,no
3238,yes
3239,no
3240,no
3241,no
3242,yes
3243,no
3244,no
3245,yes
3246,yes
3247,no
3248,yes
3249,no
3250,no
3251,no
3252,yes
3253,no
3254,no
3255,yes
3256,no
3257,yes
3258,yes
3259,no
3260,no
3261,yes
3262,yes
3263,yes
3264,yes
3265,no
3266,yes
3267,yes
3268,no
3269,no
3270,yes
3271,no
3272,yes
3273,no
3274,no
3275,no
3276,no
3277,yes
3278,yes
3279,no
3280,yes
3281,no
3282,yes
3283,yes
3284,no
3285,yes
3286,yes
3287,no
3288,no
3289,yes
3290,no
3291,yes
3292,yes
3293,yes
3294,no
3295,no
3296,no
3297,no
3298,no
3299,yes
3300,yes
3301,yes
3302,no
3303,no
3304,no
3305,no
3306,yes
3307,yes
3308,no
3309,yes
3310,yes
3311,no
3312,yes
3313,yes
3314,yes
3315,no
3316,no
3317,no
3318,no
3319,yes
3320,yes
3321,yes
3322,no
3323,yes
3324,yes
3325,no
3326,no
3327,no
3328,no
3329,yes
3330,yes
3331,yes
3332,no
3333,no
3334,no
3335,no
3336,no
3337,no
3338,no
3339,no
3340,no
3341,no
3342,yes
3343,no
3344,yes
3345,yes
3346,no
3347,yes
3348,yes
3349,no
3350,no
3351,no
3352,no
3353,yes
3354,yes
3355,no
3356,no
3357,no
3358,yes
3359,no
3360,no
3361,no
3362,yes
3363,no
3364,yes
3365,no
3366,yes
3367,yes
3368,no
3369,no
3370,no
3371,yes
3372,no
3373,no
3374,yes
3375,no
3376,yes
3377,no
3378,no
3379,yes
3380,yes
3381,no
3382,yes
3383,no
3384,yes
3385,yes
3386,yes
3387,yes
3388,no
3389,yes
3390,yes
3391,yes
3392,yes
3393,no
3394,yes
3395,no
3396,yes
3397,yes
3398,yes
3399,no
3400,no
3401,no
3402,no
3403,no
3404,no
3405,yes
3406,yes
3407,no
3408,no
3409,yes
3410,yes
3411,yes
3412,yes
3413,no
3414,yes
3415,yes
3416,no
3417,yes
3418,yes
3419,yes
3420,no
3421,no
3422,no
3423,no
3424,no
3425,yes
3426,no
3427,yes
3428,yes
3429,no
3430,yes
3431,yes
3432,no
3433,yes
3434,yes
3435,yes
3436,yes
3437,yes
3438,yes
3439,yes
3440,no
3441,yes
3442,no
3443,yes
3444,yes
3445,no
3446,yes
3447,yes
3448,yes
3449,no
3450,no
3451,no
3452,yes
3453,yes
3454,yes
3455,no
3456,yes
3457,yes
3458,no
3459,yes
3460,yes
3461,no
3462,no
3463,yes
3464,yes
3465,yes
3466,no
3467,yes
3468,no
3469,yes
3470,no
3471,yes
3472,no
3473,yes
3474,no
3475,no
3476,yes
3477,no
3478,yes
3479,yes
3480,no
3481,no
3482,yes
3483,no
3484,yes
3485,no
3486,yes
3487,no
3488,no
3489,no
3490,yes
3491,yes
3492,no
3493,no
3494,yes
3495,no
3496,no
3497,yes
3498,yes
3499,no
3500,yes
3501,no
3502,yes
3503,no
3504,no
3505,yes
3506,no
3507,no
3508,yes
3509,yes
3510,no
3511,yes
3512,yes
3513,yes
3514,yes
3515,no
3516,yes
3517,yes
3518,no
3519,no
3520,yes
3521,yes
3522,no
3523,no
3524,yes
3525,yes
3526,no
3527,yes
3528,yes
3529,no
3530,yes
3531,yes
3532,yes
3533,no
3534,yes
3535,yes
3536,yes
3537,no
3538,yes
3539,yes
3540,yes
3541,yes
3542,no
3543,no
3544,yes
3545,yes
3546,yes
3547,no
3548,yes
3549,yes
3550,yes
3551,no
3552,yes
3553,yes
3554,no
3555,yes
3556,yes
3557,yes
3558,yes
3559,no
3560,no
3561,no
3562,no
3563,yes
3564,yes
3565,no
3566,no
3567,no
3568,yes
3569,yes
3570,no
3571,no
3572,yes
3573,no
3574,no
3575,yes
3576,yes
3577,no
3578,no
3579,yes
3580,no
3581,yes
3582,no
3583,no
3584,yes
3585,no
3586,yes
3587,no
3588,no
3589,yes
3590,no
3591,yes
3592,no
3593,yes
3594,no
3595,yes
3596,yes
3597,yes
3598,yes
3599,yes
3600,yes
3601,no
3602,yes
3603,yes
3604,no
3605,no
3606,no
3607,yes
3608,no
3609,yes
3610,yes
3611,no
3612,no
3613,no
3614,yes
3615,yes
3616,yes
3617,yes
3618,no
3619,no
3620,no
3621,no
3622,no
3623,no
3624,yes
3625,yes
3626,yes
3627,yes
3628,no
3629,no
3630,yes
3631,no
3632,yes
3633,yes
3634,no
3635,yes
3636,no
3637,yes
3638,yes
3639,yes
3640,no
3641,yes
3642,yes
3643,yes
3644,yes
3645,no
3646,no
3647,no
3648,no
3649,no
3650,no
3651,yes
3652,yes
3653,yes
3654,yes
3655,no
3656,yes
3657,yes
3658,yes
3659,yes
3660,yes
3661,yes
3662,yes
3663,no
3664,no
3665,yes
3666,yes
3667,yes
3668,yes
3669,no
3670,no
3671,yes
3672,no
3673,no
3674,yes
3675,yes
3676,no
3677,no
3678,yes
3679,no
3680,yes
3681,no
3682,yes
3683,no
3684,yes
3685,no
3686,yes
3687,yes
3688,yes
3689,no
3690,yes
3691,yes
3692,no
3693,no
3694,yes
3695,no
3696,yes
3697,no
3698,yes
3699,yes
3700,no
3701,yes
3702,yes
3703,no
3704,no
3705,yes
3706,no
3707,no
3708,no
3709,no
3710,yes
3711,no
3712,no
3713,no
3714,yes
3715,yes
3716,yes
3717,yes
3718,no
3719,yes
3720,no
3721,no
3722,no
3723,yes
3724,yes
3725,yes
3726,no
3727,no
3728,yes
3729,no
3730,no
3731,yes
3732,no
3733,yes
3734,yes
3735,no
3736,no
3737,no
3738,yes
3739,yes
3740,no
3741,no
3742,yes
3743,no
3744,no
3745,yes
3746,no
3747,no
3748,yes
3749,yes
3750,yes
3751,yes
3752,no
3753,yes
3754,yes
3755,no
3756,yes
3757,yes
3758,yes
3759,yes
3760,no
3761,yes
3762,no
3763,yes
3764,yes
3765,yes
3766,yes
3767,no
3768,no
3769,yes
3770,no
3771,no
3772,no
3773,yes
3774,yes
3775,yes
3776,yes
3777,yes
3778,yes
3779,no
3780,yes
3781,no
3782,no
3783,no
3784,yes
3785,yes
3786,yes
3787,yes
3788,no
3789,no
3790,no
3791,no
3792,yes
3793,no
3794,no
3795,yes
3796,no
3797,yes
3798,yes
3799,no
3800,no
3801,no
3802,no
3803,yes
3804,yes
3805,no
3806,yes
3807,yes
3808,yes
3809,yes
3810,no
3811,no
3812,yes
3813,yes
3814,yes
3815,yes
3816,yes
3817,no
3818,yes
3819,no
3820,no
3821,no
3822,no
3823,yes
3824,no
3825,no
3826,no
3827,yes
3828,yes
3829,yes
3830,yes
3831,no
3832,yes
3833,yes
3834,yes
3835,no
3836,no
3837,no
3838,no
3839,yes
3840,yes
3841,no
3842,yes
3843,no
3844,no
3845,no
3846,no
3847,no
3848,yes
3849,yes
3850,yes
3851,yes
3852,yes
3853,no
3854,yes
3855,no
3856,yes
3857,yes
3858,yes
3859,yes
3860,yes
3861,yes
3862,yes
3863,yes
3864,yes
3865,no
3866,yes
3867,no
3868,yes
3869,no
3870,yes
3871,no
3872,yes
3873,no
3874,yes
3875,yes
3876,yes
3877,yes
3878,yes
3879,yes
3880,yes
3881,no
3882,no
3883,yes
3884,no
3885,no
3886,yes
3887,yes
3888,no
3889,yes
3890,no
3891,no
3892,no
3893,yes
3894,no
3895,no
3896,yes
3897,no
3898,yes
3899,no
3900,yes
3901,no
3902,no
3903,yes
3904,no
3905,no
3906,no
3907,yes
3908,no
3909,yes
3910,no
3911,no
3912,yes
3913,no
3914,yes
3915,no
3916,yes
3917,yes
3918,no
3919,yes
3920,yes
3921,no
3922,no
3923,yes
3924,yes
3925,no
3926,no
3927,no
3928,no
3929,no
3930,yes
3931,yes
3932,no
3933,yes
3934,no
3935,no
3936,no
3937,no
3938,yes
3939,no
3940,yes
3941,no
3942,yes
3943,yes
3944,yes
3945,no
3946,yes
3947,yes
3948,yes
3949,yes
3950,no
3951,yes
3952,no
3953,yes
3954,no
3955,no
3956,yes
3957,yes
3958,yes
3959,no
3960,yes
3961,yes
3962,yes
3963,no
3964,no
3965,yes
3966,yes
3967,no
3968,no
3969,no
3970,no
3971,no
3972,no
3973,no
3974,yes
3975,yes
3976,yes
3977,yes
3978,no
3979,no
3980,yes
3981,yes
3982,yes
3983,no
3984,yes
3985,no
3986,no
3987,no
3988,yes
3989,no
3990,yes
3991,yes
3992,no
3993,yes
3994,yes
3995,yes
3996,yes
3997,no
3998,yes
3999,no
4000,yes
4001,yes
4002,yes
4003,no
4004,yes
4005,yes
4006,no
4007,no
4008,no
4009,yes
4010,yes
4011,no
4012,yes
4013,yes
4014,yes
4015,yes
4016,yes
4017,yes
4018,yes
4019,yes
4020,no
4021,no
4022,no
4023,yes
4024,yes
4025,yes
4026,no
4027,no
4028,no
4029,no
4030,yes
4031,no
4032,no
4033,yes
4034,no
4035,yes
4036,yes
4037,yes
4038,no
4039,yes
4040,yes
4041,yes
4042,yes
4043,no
4044,no
4045,no
4046,yes
4047,yes
4048,no
4049,no
4050,no
4051,yes
4052,yes
4053,no
4054,no
4055,yes
4056,no
4057,yes
4058,no
4059,no
4060,yes
4061,no
4062,yes
4063,no
4064,yes
4065,no
4066,no
4067,no
4068,yes
4069,yes
4070,no
4071,yes
4072,no
4073,no
4074,yes
4075,yes
4076,yes
4077,yes
4078,yes
4079,no
4080,no
4081,no
4082,yes
4083,no
4084,no
4085,no
4086,yes
4087,no
4088,yes
4089,yes
4090,yes
4091,yes
4092,yes
4093,yes
4094,yes
4095,yes
4096,yes
4097,yes
4098,yes
4099,yes
4100,yes
4101,no
4102,no
4103,no
4104,yes
4105,no
4106,yes
4107,no
4108,no
4109,yes
4110,yes
4111,yes
4112,yes
4113,yes
4114,yes
4115,no
4116,no
4117,yes
4118,no
4119,yes
4120,no
4121,yes
4122,no
4123,yes
4124,yes
4125,no
4126,yes
4127,no
4128,no
4129,no
4130,yes
4131,yes
4132,no
4133,yes
4134,no
4135,yes
4136,yes
4137,no
4138,no
4139,yes
4140,no
4141,no
4142,no
4143,no
4144,no
4145,yes
4146,yes
4147,no
4148,yes
4149,yes
4150,no
4151,no
4152,no
4153,no
4154,no
4155,yes
4156,no
4157,no
4158,no
4159,yes
4160,yes
4161,no
4162,yes
4163,no
4164,yes
4165,no
4166,yes
4167,yes
4168,no
4169,no
4170,no
4171,yes
4172,yes
4173,no
4174,no
4175,no
4176,yes
4177,yes
4178,yes
4179,no
4180,yes
4181,no
4182,no
4183,yes
4184,yes
4185,no
4186,no
4187,no
4188,no
4189,no
4190,no
4191,no
4192,no
4193,yes
4194,no
4195,no
4196,yes
4197,yes
4198,yes
4199,no
4200,no
4201,no
4202,no
4203,yes
4204,yes
4205,no
4206,yes
4207,yes
4208,no
4209,no
4210,yes
4211,no
4212,no
4213,yes
4214,no
4215,no
4216,yes
4217,no
4218,no
4219,no
4220,yes
4221,no
4222,yes
4223,no
4224,yes
4225,no
4226,no
4227,yes
4228,yes
4229,yes
4230,yes
4231,yes
4232,yes
4233,yes
4234,yes
4235,no
4236,yes
4237,no
4238,no
4239,no
4240,no
4241,no
4242,no
4243,no
4244,no
4245,yes
4246,yes
4247,no
4248,yes
4249,no
4250,no
4251,yes
4252,yes
4253,yes
4254,no
4255,no
4256,yes
4257,no
4258,no
4259,yes
4260,no
4261,no
4262,yes
4263,no
4264,no
4265,no
4266,no
4267,no
4268,no
4269,no
4270,no
4271,yes
4272,no
4273,yes
4274,no
4275,yes
4276,no
4277,no
4278,yes
4279,yes
4280,no
4281,no
4282,yes
4283,no
4284,no
4285,no
4286,no
4287,yes
4288,yes
4289,no
4290,yes
4291,no
4292,no
4293,yes
4294,no
4295,no
4296,no
4297,no
4298,yes
4299,no
4300,no
4301,yes
4302,no
4303,no
4304,yes
4305,no
4306,no
4307,no
4308,yes
4309,no
4310,yes
4311,yes
4312,yes
4313,no
4314,no
4315,yes
4316,no
4317,no
4318,yes
4319,no
4320,yes
4321,no
4322,no
4323,yes
4324,no
4325,no
4326,yes
4327,no
4328,yes
4329,yes
4330,yes
4331,no
4332,no
4333,yes
4334,yes
4335,yes
4336,yes
4337,yes
4338,no
4339,no
4340,yes
4341,yes
4342,no
4343,yes
4344,no
4345,yes
4346,no
4347,yes
4348,yes
4349,no
4350,yes
4351,yes
4352,no
4353,no
4354,yes
4355,no
4356,yes
4357,yes
4358,yes
4359,no
4360,yes
4361,yes
4362,no
4363,yes
4364,no
4365,no
4366,yes
4367,no
4368,yes
4369,no
4370,yes
4371,no
4372,yes
4373,no
4374,yes
4375,yes
4376,yes
4377,no
4378,yes
4379,yes
4380,yes
4381,yes
4382,yes
4383,no
4384,no
4385,yes
4386,yes
4387,no
4388,no
4389,no
4390,no
4391,no
4392,yes
4393,no
4394,no
4395,yes
4396,no
4397,yes
4398,no
4399,yes
4400,yes
4401,no
4402,yes
4403,no
4404,no
4405,no
4406,yes
4407,yes
4408,no
4409,yes
4410,no
4411,no
4412,no
4413,yes
4414,yes
4415,no
4416,yes
4417,yes
4418,yes
4419,no
4420,no
4421,yes
4422,yes
4423,yes
4424,no
4425,yes
4426,yes
4427,yes
4428,no
4429,no
4430,no
4431,no
4432,no
4433,no
4434,no
4435,yes
4436,yes
4437,no
4438,yes
4439,no
4440,yes
4441,no
4442,yes
4443,yes
4444,no
4445,no
4446,yes
4447,yes
4448,yes
4449,yes
4450,no
4451,no
4452,yes
4453,no
4454,yes
4455,no
4456,yes
4457,no
4458,no
4459,yes
4460,no
4461,no
4462,no
4463,no
4464,no
4465,no
4466,no
4467,no
4468,yes
4469,yes
4470,no
4471,yes
4472,no
4473,no
4474,yes
4475,no
4476,no
4477,no
4478,no
4479,yes
4480,yes
4481,yes
4482,no
4483,yes
4484,yes
4485,no
4486,no
4487,no
4488,no
4489,no
4490,yes
4491,no
4492,no
4493,no
4494,yes
4495,no
4496,no
4497,no
4498,yes
4499,yes
4500,yes
4501,yes
4502,no
4503,no
4504,yes
4505,yes
4506,no
4507,yes
4508,no
4509,no
4510,yes
4511,no
4512,yes
4513,yes
4514,no
4515,no
4516,no
4517,yes
4518,yes
4519,yes
4520,no
4521,yes
4522,yes
4523,yes
4524,no
4525,no
4526,yes
4527,yes
4528,no
4529,yes
4530,no
4531,no
4532,no
4533,yes
4534,yes
4535,no
4536,yes
4537,yes
4538,yes
4539,no
4540,no
4541,no
4542,no
4543,yes
4544,no
4545,no
4546,no
4547,yes
4548,yes
4549,yes
4550,no
4551,yes
4552,no
4553,no
4554,yes
4555,no
4556,no
4557,yes
4558,yes
4559,no
4560,no
4561,no
4562,no
4563,yes
4564,no
4565,no
4566,no
4567,no
4568,no
4569,yes
4570,no
4571,no
4572,no
4573,yes
4574,yes
4575,no
4576,no
4577,yes
4578,yes
4579,yes
4580,no
4581,yes
4582,yes
4583,yes
4584,yes
4585,yes
4586,no
4587,no
4588,yes
4589,yes
4590,yes
4591,yes
4592,yes
4593,yes
4594,no
4595,yes
4596,no
4597,yes
4598,yes
4599,yes
4600,yes
4601,yes
4602,no
4603,no
4604,no
4605,yes
4606,no
4607,no
4608,yes
4609,yes
4610,no
4611,no
4612,no
4613,no
4614,yes
4615,yes
4616,yes
4617,yes
4618,yes
4619,no
4620,no
4621,no
4622,no
4623,no
4624,no
4625,no
4626,no
4627,yes
4628,yes
4629,yes
4630,yes
4631,yes
4632,yes
4633,no
4634,no
4635,yes
4636,no
4637,yes
4638,yes
4639,yes
4640,no
4641,yes
4642,no
4643,yes
4644,yes
4645,yes
4646,yes
4647,no
4648,no
4649,no
4650,no
4651,no
4652,no
4653,yes
4654,yes
4655,no
4656,no
4657,no
4658,yes
4659,no
4660,no
4661,yes
4662,yes
4663,yes
4664,no
4665,no
4666,no
4667,yes
4668,no
4669,yes
4670,yes
4671,no
4672,yes
4673,yes
4674,no
4675,yes
4676,yes
4677,yes
4678,yes
4679,no
4680,yes
4681,yes
4682,yes
4683,no
4684,no
4685,no
4686,yes
4687,no
4688,yes
4689,no
4690,no
4691,no
4692,yes
4693,no
4694,no
4695,no
4696,yes
4697,yes
4698,no
4699,yes
4700,yes
4701,yes
4702,no
4703,yes
4704,no
4705,yes
4706,yes
4707,yes
4708,yes
4709,no
4710,no
4711,no
4712,yes
4713,no
4714,no
4715,yes
4716,yes
4717,no
4718,no
4719,yes
4720,no
4721,no
4722,no
4723,no
4724,yes
4725,yes
4726,no
4727,no
4728,yes
4729,yes
4730,no
4731,no
4732,no
4733,no
4734,yes
4735,yes
4736,yes
4737,yes
4738,yes
4739,yes
4740,yes
4741,no
4742,no
4743,no
4744,yes
4745,yes
4746,yes
4747,yes
4748,no
4749,yes
4750,yes
4751,yes
4752,no
4753,yes
4754,yes
4755,yes
4756,no
4757,yes
4758,no
4759,no
4760,no
4761,yes
4762,yes
4763,yes
4764,no
4765,yes
4766,no
4767,no
4768,no
4769,yes
4770,no
4771,yes
4772,no
4773,yes
4774,no
4775,no
4776,yes
4777,no
4778,no
4779,yes
4780,no
4781,no
4782,no
4783,no
4784,yes
4785,yes
4786,yes
4787,yes
4788,no
4789,no
4790,yes
4791,yes
4792,yes
4793,no
4794,yes
4795,no
4796,no
4797,yes
4798,no
4799,yes
4800,no
4801,yes
4802,no
4803,no
4804,no
4805,no
4806,yes
4807,yes
4808,yes
4809,no
4810,yes
4811,yes
4812,yes
4813,yes
4814,no
4815,yes
4816,yes
4817,no
4818,no
4819,no
4820,yes
4821,no
4822,yes
4823,no
4824,no
4825,yes
4826,no
4827,yes
4828,no
4829,yes
4830,yes
4831,no
4832,no
4833,yes
4834,no
4835,yes
4836,yes
4837,yes
4838,yes
4839,yes
4840,yes
4841,yes
4842,no
4843,no
4844,yes
4845,no
4846,yes
4847,no
4848,yes
4849,no
4850,no
4851,no
4852,no
4853,no
4854,yes
4855,no
4856,no
4857,no
4858,no
4859,no
4860,yes
4861,no
4862,no
4863,no
4864,no
4865,yes
4866,no
4867,yes
4868,yes
4869,yes
4870,yes
4871,yes
4872,yes
4873,no
4874,yes
4875,yes
4876,no
4877,yes
4878,no
4879,yes
4880,yes
4881,no
4882,yes
4883,no
4884,no
4885,no
4886,yes
4887,yes
4888,no
4889,no
4890,yes
4891,no
4892,yes
4893,yes
4894,yes
4895,no
4896,yes
4897,yes
4898,no
4899,yes
4900,yes
4901,no
4902,yes
4903,no
4904,yes
4905,yes
4906,yes
4907,no
4908,yes
4909,yes
4910,yes
4911,yes
4912,yes
4913,yes
4914,yes
4915,yes
4916,yes
4917,no
4918,no
4919,no
4920,yes
4921,no
4922,no
4923,yes
4924,yes
4925,no
4926,no
4927,no
4928,yes
4929,yes
4930,no
4931,no
4932,no
4933,yes
4934,no
4935,no
4936,yes
4937,no
4938,no
4939,no
4940,no
4941,no
4942,no
4943,yes
4944,yes
4945,no
4946,no
4947,yes
4948,yes
4949,yes
4950,yes
4951,no
4952,yes
4953,no
4954,no
4955,yes
4956,yes
4957,no
4958,no
4959,yes
4960,yes
4961,no
4962,yes
4963,no
4964,yes
4965,yes
4966,yes
4967,yes
4968,no
4969,no
4970,no
4971,no
4972,no
4973,no
4974,yes
4975,no
4976,no
4977,no
4978,yes
4979,yes
4980,no
4981,yes
4982,no
4983,yes
4984,no
4985,no
4986,yes
4987,no
4988,yes
4989,no
4990,yes
4991,no
4992,no
4993,yes
4994,yes
4995,yes
4996,no
4997,yes
4998,no
4999,no
5000,no
5001,no
5002,yes
5003,yes
5004,no
5005,no
5006,yes
5007,yes
5008,no
5009,no
5010,yes
5011,no
5012,no
5013,no
5014,yes
5015,yes
5016,yes
5017,no
5018,yes
5019,no
5020,no
5021,no
5022,yes
5023,no
5024,no
5025,no
5026,no
5027,no
5028,yes
5029,yes
5030,no
5031,yes
5032,yes
5033,yes
5034,no
5035,yes
5036,yes
5037,yes
5038,yes
5039,yes
5040,no
5041,no
5042,yes
5043,no
5044,yes
5045,yes
5046,no
5047,no
5048,yes
5049,yes
5050,yes
5051,no
5052,yes
5053,no
5054,no
5055,no
5056,yes
5057,no
5058,no
5059,no
5060,no
5061,no
5062,yes
5063,no
5064,no
5065,no
5066,yes
5067,yes
5068,no
5069,yes
5070,yes
5071,no
5072,no
5073,yes
5074,yes
5075,yes
5076,no
5077,no
5078,no
5079,no
5080,no
5081,no
5082,no
5083,no
5084,no
5085,yes
5086,no
5087,yes
5088,yes
5089,no
5090,no
5091,no
5092,yes
5093,no
5094,yes
5095,yes
5096,yes
5097,yes
5098,no
5099,no
5100,no
5101,no
5102,yes
5103,no
5104,no
5105,no
5106,no
5107,no
5108,yes
5109,no
5110,no
5111,no
5112,no
5113,yes
5114,yes
5115,no
5116,yes
5117,no
5118,no
5119,no
5120,no
5121,yes
5122,yes
5123,yes
5124,no
5125,no
5126,yes
5127,no
5128,no
5129,no
5130,yes
5131,yes
5132,yes
5133,yes
5134,yes
5135,yes
5136,no
5137,yes
5138,yes
5139,yes
5140,no
5141,yes
5142,yes
5143,yes
5144,yes
5145,yes
5146,yes
5147,yes
5148,yes
5149,yes
5150,no
5151,no
5152,yes
5153,no
5154,yes
5155,no
5156,yes
5157,no
5158,no
5159,yes
5160,yes
5161,no
5162,yes
5163,yes
5164,yes
5165,no
5166,no
5167,yes
5168,no
5169,no
5170,yes
5171,yes
5172,no
5173,no
5174,yes
5175,yes
5176,no
5177,yes
5178,yes
5179,yes
5180,no
5181,yes
5182,no
5183,no
5184,yes
5185,no
5186,yes
5187,yes
5188,yes
5189,no
5190,yes
5191,yes
5192,no
5193,yes
5194,yes
5195,no
5196,yes
5197,no
5198,no
5199,no
5200,yes
5201,no
5202,no
5203,yes
5204,no
5205,no
5206,yes
5207,no
5208,yes
5209,no
5210,yes
5211,yes
5212,yes
5213,no
5214,no
5215,no
5216,no
5217,yes
5218,yes
5219,yes
5220,no
5221,no
5222,yes
5223,yes
5224,no
5225,yes
5226,yes
5227,yes
5228,no
5229,no
5230,no
5231,yes
5232,no
5233,no
5234,no
5235,no
5236,yes
5237,no
5238,yes
5239,no
5240,no
5241,yes
5242,yes
5243,yes
5244,yes
5245,yes
5246,yes
5247,yes
5248,no
5249,yes
5250,yes
5251,yes
5252,no
5253,yes
5254,no
5255,yes
5256,no
5257,yes
5258,yes
5259,no
5260,yes
5261,yes
5262,no
5263,yes
5264,yes
5265,yes
5266,no
5267,no
5268,no
5269,no
5270,yes
5271,no
5272,yes
5273,no
5274,yes
5275,yes
5276,yes
5277,no
5278,yes
5279,yes
5280,no
5281,yes
5282,yes
5283,no
5284,no
5285,no
5286,no
5287,yes
5288,no
5289,no
5290,yes
5291,yes
5292,yes
5293,yes
5294,no
5295,yes
5296,no
5297,no
5298,no
5299,yes
5300,yes
5301,yes
5302,yes
5303,yes
5304,yes
5305,no
5306,no
5307,yes
5308,no
5309,yes
5310,yes
5311,no
5312,yes
5313,yes
5314,no
5315,no
5316,no
5317,no
5318,no
5319,no
5320,yes
5321,yes
5322,yes
5323,yes
5324,yes
5325,yes
5326,yes
5327,yes
5328,no
5329,no
5330,yes
5331,yes
5332,yes
5333,no
5334,no
5335,no
5336,yes
5337,no
5338,yes
5339,no
5340,yes
5341,no
5342,yes
5343,no
5344,yes
5345,yes
5346,yes
5347,yes
5348,no
5349,yes
5350,yes
5351,yes
5352,yes
5353,yes
5354,yes
5355,yes
5356,yes
5357,yes
5358,yes
5359,yes
5360,yes
5361,yes
5362,no
5363,yes
5364,no
5365,no
5366,yes
5367,yes
5368,yes
5369,no
5370,no
5371,yes
5372,yes
5373,yes
5374,no
5375,yes
5376,no
5377,no
5378,no
5379,no
5380,no
5381,yes
5382,no
5383,yes
5384,no
5385,yes
5386,yes
5387,yes
5388,no
5389,no
5390,yes
5391,no
5392,no
5393,no
5394,yes
5395,yes
5396,no
5397,no
5398,yes
5399,no
5400,yes
5401,yes
5402,yes
5403,yes
5404,no
5405,no
5406,no
5407,no
5408,yes
5409,no
5410,yes
5411,yes
5412,no
5413,no
5414,yes
5415,yes
5416,no
5417,no
5418,yes
5419,yes
5420,yes
5421,yes
5422,yes
5423,yes
5424,yes
5425,yes
5426,no
5427,yes
5428,no
5429,no
5430,no
5431,no
5432,yes
5433,no
5434,no
5435,yes
5436,yes
5437,yes
5438,yes
5439,yes
5440,yes
5441,yes
5442,no
5443,yes
5444,no
5445,yes
5446,no
5447,no
5448,no
5449,yes
5450,yes
5451,yes
5452,yes
5453,yes
5454,no
5455,yes
5456,no
5457,yes
5458,yes
5459,yes
5460,no
5461,no
5462,yes
5463,yes
5464,yes
5465,no
5466,no
5467,yes
5468,yes
5469,no
5470,no
5471,no
5472,no
5473,no
5474,yes
5475,no
5476,yes
5477,yes
5478,no
5479,yes
5480,yes
5481,yes
5482,yes
5483,no
5484,no
5485,yes
5486,no
5487,yes
5488,no
5489,yes
5490,yes
5491,no
5492,no
5493,yes
5494,yes
5495,yes
5496,no
5497,yes
5498,yes
5499,no
5500,no
5501,yes
5502,no
5503,no
5504,yes
5505,yes
5506,yes
5507,yes
5508,no
5509,no
5510,no
5511,yes
5512,no
5513,no
5514,yes
5515,no
5516,yes
5517,yes
5518,no
5519,no
5520,yes
5521,no
5522,no
5523,no
5524,yes
5525,no
5526,no
5527,no
5528,no
5529,yes
5530,no
5531,yes
5532,no
5533,no
5534,no
5535,no
5536,no
5537,yes
5538,no
5539,no
5540,no
5541,yes
5542,no
5543,no
5544,no
5545,no
5546,yes
5547,no
5548,yes
5549,yes
5550,yes
5551,yes
5552,no
5553,yes
5554,yes
5555,yes
5556,no
5557,yes
5558,no
5559,no
5560,yes
5561,no
5562,no
5563,yes
5564,no
5565,no
5566,yes
5567,yes
5568,yes
5569,yes
5570,yes
5571,yes
5572,yes
5573,yes
5574,no
5575,no
5576,yes
5577,no
5578,yes
5579,yes
5580,yes
5581,yes
5582,yes
5583,no
5584,no
5585,yes
5586,no
5587,yes
5588,yes
5589,yes
5590,no
5591,no
5592,yes
5593,yes
5594,yes
5595,yes
5596,no
5597,yes
5598,yes
5599,yes
5600,yes
5601,yes
5602,yes
5603,no
5604,yes
5605,yes
5606,yes
5607,yes
5608,yes
5609,no
5610,yes
5611,no
5612,no
5613,yes
5614,yes
5615,yes
5616,yes
5617,yes
5618,no
5619,no
5620,yes
5621,yes
5622,no
5623,no
5624,no
5625,yes
5626,yes
5627,no
5628,yes
5629,no
5630,yes
5631,yes
5632,yes
5633,yes
5634,no
5635,yes
5636,no
5637,yes
5638,no
5639,no
5640,no
5641,yes
5642,yes
5643,yes
5644,no
5645,no
5646,yes
5647,no
5648,yes
5649,yes
5650,no
5651,yes
5652,no
5653,yes
5654,yes
5655,yes
5656,no
5657,yes
5658,no
5659,no
5660,yes
5661,yes
5662,yes
5663,no
5664,yes
5665,yes
5666,yes
5667,yes
5668,yes
5669,yes
5670,yes
5671,no
5672,yes
5673,no
5674,yes
5675,no
5676,no
5677,yes
5678,no
5679,yes
5680,no
5681,yes
5682,no
5683,no
5684,no
5685,no
5686,yes
5687,no
5688,no
5689,no
5690,no
5691,no
5692,yes
5693,yes
5694,yes
5695,no
5696,no
5697,no
5698,yes
5699,yes
5700,no
5701,no
5702,yes
5703,yes
5704,yes
5705,no
5706,no
5707,no
5708,yes
5709,yes
5710,yes
5711,yes
5712,no
5713,yes
5714,no
5715,yes
5716,yes
5717,no
5718,no
5719,no
5720,no
5721,no
5722,yes
5723,yes
5724,yes
5725,no
5726,yes
5727,yes
5728,yes
5729,yes
5730,yes
5731,yes
5732,yes
5733,no
5734,no
5735,no
5736,yes
5737,no
5738,yes
5739,yes
5740,yes
5741,no
5742,no
5743,no
5744,yes
5745,no
5746,no
5747,yes
5748,yes
5749,no
5750,yes
5751,yes
5752,no
5753,no
5754,no
5755,no
5756,yes
5757,no
5758,no
5759,no
5760,no
5761,yes
5762,yes
5763,yes
5764,no
5765,no
5766,no
5767,no
5768,yes
5769,yes
5770,no
5771,yes
5772,yes
5773,no
5774,no
5775,yes
5776,yes
5777,no
5778,yes
5779,no
5780,yes
5781,yes
5782,no
5783,yes
5784,no
5785,yes
5786,yes
5787,yes
5788,yes
5789,yes
5790,yes
5791,yes
5792,no
5793,yes
5794,yes
5795,no
5796,no
5797,yes
5798,no
5799,no
5800,no
5801,no
5802,yes
5803,no
5804,yes
5805,yes
5806,no
5807,yes
5808,yes
5809,no
5810,no
5811,no
5812,no
5813,yes
5814,no
5815,no
5816,no
5817,yes
5818,yes
5819,yes
5820,no
5821,yes
5822,no
5823,yes
5824,no
5825,yes
5826,no
5827,no
5828,yes
5829,yes
5830,no
5831,yes
5832,yes
5833,yes
5834,yes
5835,yes
5836,no
5837,no
5838,no
5839,no
5840,no
5841,no
5842,yes
5843,yes
5844,no
5845,no
5846,yes
5847,yes
5848,no
5849,yes
5850,yes
5851,yes
5852,yes
5853,no
5854,yes
5855,no
5856,yes
5857,no
5858,no
5859,no
5860,no
5861,yes
5862,yes
5863,yes
5864,no
5865,no
5866,no
5867,yes
5868,no
5869,no
5870,no
5871,yes
5872,no
5873,yes
5874,yes
5875,yes
5876,no
5877,yes
5878,no
5879,no
5880,no
5881,no
5882,yes
5883,no
5884,yes
5885,no
5886,no
5887,yes
5888,yes
5889,yes
5890,no
5891,no
5892,yes
5893,no
5894,yes
5895,yes
5896,no
5897,no
5898,yes
5899,yes
5900,no
5901,yes
5902,no
5903,no
5904,no
5905,yes
5906,no
5907,no
5908,yes
5909,yes
5910,yes
5911,no
5912,no
5913,yes
5914,yes
5915,yes
5916,yes
5917,no
5918,yes
5919,yes
5920,no
5921,no
5922,yes
5923,yes
5924,no
5925,yes
5926,no
5927,yes
5928,no
5929,yes
5930,yes
5931,no
5932,yes
5933,yes
5934,yes
5935,yes
5936,no
5937,no
5938,yes
5939,no
5940,no
5941,no
5942,no
5943,no
5944,yes
5945,no
5946,no
5947,no
5948,no
5949,no
5950,yes
5951,no
5952,yes
5953,no
5954,no
5955,yes
5956,no
5957,yes
5958,yes
5959,yes
5960,no
5961,yes
5962,yes
5963,yes
5964,yes
5965,yes
5966,no
5967,yes
5968,no
5969,yes
5970,yes
5971,yes
5972,no
5973,no
5974,no
5975,no
5976,yes
5977,yes
5978,no
5979,yes
5980,yes
5981,no
5982,yes
5983,yes
5984,yes
5985,no
5986,yes
5987,yes
5988,yes
5989,yes
5990,yes
5991,no
5992,yes
5993,no
5994,yes
5995,yes
5996,no
5997,no
5998,no
5999,no
6000,yes
6001,yes
6002,no
6003,yes
6004,yes
6005,no
6006,no
6007,yes
6008,no
6009,no
6010,no
6011,no
6012,yes
6013,yes
6014,yes
6015,yes
6016,yes
6017,yes
6018,no
6019,no
6020,no
6021,no
6022,no
6023,no
6024,no
6025,yes
6026,yes
6027,no
6028,no
6029,no
6030,no
6031,no
6032,no
6033,no
6034,yes
6035,no
6036,no
6037,yes
6038,no
6039,no
6040,no
6041,no
6042,no
6043,yes
6044,no
6045,no
6046,no
6047,yes
6048,yes
6049,no
6050,yes
6051,no
6052,yes
6053,yes
6054,yes
6055,yes
6056,yes
6057,yes
6058,yes
6059,yes
6060,no
6061,yes
6062,yes
6063,yes
6064,yes
6065,yes
6066,yes
6067,yes
6068,yes
6069,no
6070,no
6071,yes
6072,no
6073,yes
6074,yes
6075,no
6076,no
6077,yes
6078,yes
6079,no
6080,yes
6081,no
6082,no
6083,no
6084,yes
6085,yes
6086,yes
6087,yes
6088,no
6089,no
6090,no
6091,yes
6092,yes
6093,yes
6094,no
6095,no
6096,yes
6097,yes
6098,no
6099,no
6100,no
6101,yes
6102,yes
6103,yes
6104,no
6105,no
6106,no
6107,no
6108,yes
6109,yes
6110,no
6111,no
6112,yes
6113,yes
6114,yes
6115,no
6116,no
6117,no
6118,no
6119,yes
6120,no
6121,no
6122,yes
6123,yes
6124,yes
6125,yes
6126,yes
6127,no
6128,yes
6129,no
6130,yes
6131,yes
6132,yes
6133,no
6134,no
6135,no
6136,yes
6137,no
6138,yes
6139,yes
6140,yes
6141,yes
6142,no
6143,yes
6144,yes
6145,yes
6146,no
6147,no
6148,no
6149,no
6150,no
6151,yes
6152,yes
6153,no
6154,yes
6155,yes
6156,yes
6157,yes
6158,no
6159,no
6160,no
6161,yes
6162,yes
6163,no
6164,yes
6165,no
6166,no
6167,no
6168,yes
6169,no
6170,no
6171,no
6172,yes
6173,no
6174,yes
6175,yes
6176,yes
6177,yes
6178,yes
6179,yes
6180,yes
6181,no
6182,yes
6183,no
6184,yes
6185,no
6186,no
6187,yes
6188,yes
6189,yes
6190,no
6191,yes
6192,no
6193,yes
6194,no
6195,no
6196,no
6197,no
6198,yes
6199,yes
6200,yes
6201,yes
6202,yes
6203,yes
6204,no
6205,yes
6206,yes
6207,yes
6208,yes
6209,no
6210,yes
6211,yes
6212,yes
6213,no
6214,yes
6215,yes
6216,yes
6217,yes
6218,no
6219,no
6220,no
6221,yes
6222,yes
6223,yes
6224,no
6225,yes
6226,yes
6227,no
6228,no
6229,yes
6230,yes
6231,no
6232,no
6233,no
6234,yes
6235,yes
6236,no
6237,no
6238,no
6239,yes
6240,yes
6241,yes
6242,yes
6243,yes
6244,yes
6245,yes
6246,no
6247,yes
6248,yes
6249,yes
6250,no
6251,no
6252,yes
6253,no
6254,yes
6255,yes
6256,no
6257,yes
6258,no
6259,yes
6260,yes
6261,no
6262,no
6263,no
6264,yes
6265,no
6266,no
6267,no
6268,no
6269,no
6270,yes
6271,no
6272,yes
6273,no
6274,yes
6275,yes
6276,yes
6277,no
6278,yes
6279,no
6280,no
6281,yes
6282,no
6283,no
6284,yes
6285,no
6286,yes
6287,no
6288,yes
6289,yes
6290,yes
6291,no
6292,yes
6293,no
6294,yes
6295,no
6296,yes
6297,no
6298,yes
6299,no
6300,no
6301,no
6302,yes
6303,yes
6304,yes
6305,no
6306,no
6307,no
6308,no
6309,yes
6310,yes
6311,yes
6312,no
6313,no
6314,yes
6315,yes
6316,no
6317,yes
6318,no
6319,yes
6320,no
6321,yes
6322,no
6323,yes
6324,yes
6325,yes
6326,no
6327,no
6328,no
6329,yes
6330,no
6331,no
6332,no
6333,no
6334,no
6335,no
6336,yes
6337,yes
6338,yes
6339,yes
6340,yes
6341,yes
6342,yes
6343,no
6344,yes
6345,yes
6346,yes
6347,no
6348,no
6349,no
6350,no
6351,yes
6352,no
6353,no
6354,no
6355,yes
6356,yes
6357,yes
6358,yes
6359,no
6360,no
6361,yes
6362,no
6363,yes
6364,no
6365,yes
6366,yes
6367,yes
6368,yes
6369,yes
6370,yes
6371,no
6372,no
6373,yes
6374,yes
6375,yes
6376,no
6377,yes
6378,yes
6379,yes
6380,yes
6381,yes
6382,no
6383,no
6384,yes
6385,yes
6386,no
6387,no
6388,no
6389,yes
6390,yes
6391,no
6392,yes
6393,yes
6394,yes
6395,no
6396,no
6397,yes
6398,no
6399,no
6400,yes
6401,no
6402,yes
6403,no
6404,no
6405,no
6406,no
6407,yes
6408,no
6409,no
6410,no
6411,yes
6412,yes
6413,no
6414,no
6415,yes
6416,no
6417,yes
6418,yes
6419,no
6420,no
6421,no
6422,no
6423,yes
6424,yes
6425,no
6426,yes
6427,yes
6428,no
6429,no
6430,yes
6431,yes
6432,yes
6433,no
6434,no
6435,no
6436,no
6437,no
6438,no
6439,no
6440,no
6441,yes
6442,yes
6443,no
6444,yes
6445,yes
6446,yes
6447,no
6448,yes
6449,yes
6450,no
6451,no
6452,yes
6453,yes
6454,yes
6455,no
6456,yes
6457,no
6458,no
6459,yes
6460,no
6461,no
6462,no
6463,yes
6464,yes
6465,yes
6466,yes
6467,yes
6468,no
6469,no
6470,yes
6471,yes
6472,yes
6473,yes
6474,yes
6475,yes
6476,no
6477,yes
6478,no
6479,yes
6480,no
6481,no
6482,yes
6483,no
6484,no
6485,no
6486,no
6487,no
6488,no
6489,no
6490,no
6491,yes
6492,yes
6493,yes
6494,yes
6495,no
6496,yes
6497,no
6498,yes
6499,yes
6500,no
6501,no
6502,no
6503,no
6504,no
6505,no
6506,no
6507,yes
6508,no
6509,yes
6510,no
6511,yes
6512,yes
6513,no
6514,yes
6515,yes
6516,no
6517,yes
6518,no
6519,no
6520,no
6521,yes
6522,yes
6523,no
6524,no
6525,no
6526,yes
6527,yes
6528,yes
6529,yes
6530,no
6531,yes
6532,yes
6533,yes
6534,yes
6535,no
6536,no
6537,yes
6538,yes
6539,yes
6540,no
6541,yes
6542,yes
6543,no
6544,no
6545,yes
6546,yes
6547,yes
6548,yes
6549,yes
6550,yes
6551,yes
6552,yes
6553,no
6554,no
6555,no
6556,no
6557,no
6558,yes
6559,no
6560,yes
6561,no
6562,yes
6563,yes
6564,yes
6565,yes
6566,no
6567,yes
6568,no
6569,no
6570,yes
6571,yes
6572,yes
6573,yes
6574,yes
6575,yes
6576,no
6577,yes
6578,yes
6579,no
6580,yes
6581,yes
6582,yes
6583,no
6584,yes
6585,yes
6586,yes
6587,no
6588,yes
6589,yes
6590,yes
6591,yes
6592,yes
6593,no
6594,yes
6595,no
6596,no
6597,yes
6598,yes
6599,no
6600,no
6601,no
6602,no
6603,yes
6604,no
6605,no
6606,yes
6607,yes
6608,no
6609,yes
6610,no
6611,no
6612,no
6613,yes
6614,no
6615,yes
6616,no
6617,no
6618,yes
6619,yes
6620,no
6621,yes
6622,no
6623,yes
6624,yes
6625,yes
6626,no
6627,no
6628,yes
6629,yes
6630,yes
6631,no
6632,yes
6633,yes
6634,yes
6635,no
6636,no
6637,yes
6638,no
6639,no
6640,no
6641,no
6642,yes
6643,no
6644,yes
6645,no
6646,yes
6647,yes
6648,yes
6649,no
6650,no
6651,yes
6652,yes
6653,yes
6654,yes
6655,no
6656,yes
6657,no
6658,no
6659,yes
6660,yes
6661,yes
6662,no
6663,yes
6664,yes
6665,no
6666,no
6667,no
6668,no
6669,yes
6670,yes
6671,yes
6672,yes
6673,yes
6674,yes
6675,yes
6676,yes
6677,yes
6678,no
6679,yes
6680,yes
6681,yes
6682,yes
6683,yes
6684,yes
6685,yes
6686,yes
6687,yes
6688,yes
6689,yes
6690,yes
6691,no
6692,no
6693,yes
6694,no
6695,yes
6696,no
6697,no
6698,yes
6699,yes
6700,no
6701,no
6702,yes
6703,yes
6704,yes
6705,yes
6706,yes
6707,no
6708,yes
6709,yes
6710,no
6711,no
6712,yes
6713,yes
6714,no
6715,no
6716,no
6717,no
6718,yes
6719,yes
6720,yes
6721,yes
6722,yes
6723,no
6724,no
6725,yes
6726,yes
6727,yes
6728,no
6729,yes
6730,no
6731,no
6732,no
6733,yes
6734,no
6735,no
6736,no
6737,yes
6738,yes
6739,yes
6740,yes
6741,no
6742,no
6743,yes
6744,no
6745,yes
6746,no
6747,no
6748,yes
6749,yes
6750,no
6751,yes
6752,no
6753,no
6754,yes
6755,yes
6756,no
6757,no
6758,yes
6759,no
6760,no
6761,yes
6762,no
6763,no
6764,no
6765,yes
6766,no
6767,no
6768,no
6769,yes
6770,yes
6771,yes
6772,no
6773,yes
6774,yes
6775,no
6776,no
6777,no
6778,no
6779,no
6780,no
6781,no
6782,no
6783,no
6784,no
6785,no
6786,yes
6787,yes
6788,yes
6789,yes
6790,yes
6791,yes
6792,yes
6793,yes
6794,no
6795,no
6796,yes
6797,yes
6798,yes
6799,yes
6800,yes
6801,no
6802,yes
6803,no
6804,yes
6805,no
6806,yes
6807,no
6808,yes
6809,no
6810,yes
6811,no
6812,yes
6813,no
6814,no
6815,yes
6816,no
6817,no
6818,yes
6819,yes
6820,yes
6821,no
6822,yes
6823,yes
6824,yes
6825,yes
6826,no
6827,yes
6828,yes
6829,yes
6830,yes
6831,yes
6832,no
6833,no
6834,yes
6835,no
6836,yes
6837,yes
6838,yes
6839,no
6840,yes
6841,yes
6842,no
6843,yes
6844,yes
6845,no
6846,no
6847,no
6848,no
6849,yes
6850,yes
6851,no
6852,yes
6853,yes
6854,yes
6855,no
6856,yes
6857,no
6858,no
6859,no
6860,yes
6861,yes
6862,no
6863,no
6864,no
6865,yes
6866,no
6867,no
6868,yes
6869,yes
6870,yes
6871,no
6872,no
6873,yes
6874,yes
6875,no
6876,yes
6877,no
6878,no
6879,yes
6880,no
6881,yes
6882,no
6883,no
6884,no
6885,yes
6886,yes
6887,yes
6888,no
6889,yes
6890,yes
6891,yes
6892,no
6893,yes
6894,no
6895,yes
6896,no
6897,no
6898,no
6899,yes
6900,no
6901,no
6902,no
6903,yes
6904,yes
6905,yes
6906,yes
6907,no
6908,no
6909,yes
6910,no
6911,no
6912,yes
6913,no
6914,yes
6915,yes
6916,no
6917,yes
6918,no
6919,yes
6920,yes
6921,no
6922,yes
6923,no
6924,no
6925,yes
6926,yes
6927,no
6928,yes
6929,no
6930,yes
6931,no
6932,yes
6933,yes
6934,yes
6935,no
6936,yes
6937,yes
6938,no
6939,yes
6940,yes
6941,no
6942,yes
6943,no
6944,no
6945,no
6946,no
6947,yes
6948,yes
6949,yes
6950,no
6951,no
6952,no
6953,yes
6954,no
6955,yes
6956,no
6957,yes
6958,yes
6959,no
6960,no
6961,no
6962,yes
6963,no
6964,yes
6965,no
6966,yes
6967,yes
6968,no
6969,no
6970,no
6971,yes
6972,no
6973,no
6974,yes
6975,no
6976,no
6977,yes
6978,no
6979,no
6980,yes
6981,no
6982,no
6983,no
6984,yes
6985,yes
6986,no
6987,yes
6988,yes
6989,no
6990,yes
6991,yes
6992,no
6993,no
6994,no
6995,yes
6996,no
6997,no
6998,yes
6999,no
7000,yes
7001,yes
7002,no
7003,no
7004,yes
7005,no
7006,no
7007,no
7008,yes
7009,yes
7010,yes
7011,yes
7012,no
7013,yes
7014,yes
7015,yes
7016,no
7017,yes
7018,yes
7019,no
7020,yes
7021,yes
7022,no
7023,yes
7024,no
7025,no
7026,yes
7027,yes
7028,no
7029,no
7030,yes
7031,no
7032,yes
7033,yes
7034,no
7035,yes
7036,no
7037,no
7038,no
7039,no
7040,no
7041,no
7042,yes
7043,no
7044,yes
7045,no
7046,no
7047,no
7048,no
7049,yes
7050,no
7051,no
7052,no
7053,yes
7054,yes
7055,no
7056,yes
7057,yes
7058,no
7059,no
7060,no
7061,yes
7062,no
7063,no
7064,no
7065,yes
7066,no
7067,no
7068,no
7069,yes
7070,no
7071,yes
7072,no
7073,yes
7074,no
7075,yes
7076,no
7077,yes
7078,yes
7079,yes
7080,yes
7081,no
7082,yes
7083,no
7084,yes
7085,yes
7086,no
7087,no
7088,yes
7089,yes
7090,no
7091,yes
7092,yes
7093,no
7094,yes
7095,yes
7096,no
7097,no
7098,no
7099,yes
7100,no
7101,no
7102,yes
7103,no
7104,no
7105,yes
7106,yes
7107,no
7108,yes
7109,yes
7110,yes
7111,yes
7112,yes
7113,no
7114,yes
7115,yes
7116,no
7117,no
7118,no
7119,yes
7120,yes
7121,no
7122,yes
7123,no
7124,yes
7125,yes
7126,no
7127,no
7128,no
7129,yes
7130,yes
7131,no
7132,yes
7133,no
7134,yes
7135,yes
7136,no
7137,yes
7138,no
7139,no
7140,no
7141,yes
7142,yes
7143,no
7144,yes
7145,no
7146,no
7147,yes
7148,no
7149,yes
7150,no
7151,yes
7152,no
7153,no
7154,yes
7155,yes
7156,no
7157,yes
7158,no
7159,yes
7160,no
7161,yes
7162,no
7163,no
7164,no
7165,yes
7166,no
7167,yes
7168,yes
7169,yes
7170,no
7171,yes
7172,no
7173,no
7174,yes
7175,no
7176,no
7177,no
7178,no
7179,yes
7180,no
7181,yes
7182,no
7183,no
7184,yes
7185,no
7186,no
7187,no
7188,no
7189,yes
7190,yes
7191,yes
7192,no
7193,no
7194,no
7195,yes
7196,yes
7197,no
7198,yes
7199,no
7200,no
7201,no
7202,yes
7203,no
7204,yes
7205,no
7206,yes
7207,yes
7208,yes
7209,yes
7210,no
7211,yes
7212,yes
7213,no
7214,yes
7215,yes
7216,yes
7217,yes
7218,no
7219,yes
7220,no
7221,yes
7222,yes
7223,yes
7224,yes
7225,yes
7226,yes
7227,yes
7228,yes
7229,yes
7230,no
7231,yes
7232,yes
7233,no
7234,yes
7235,no
7236,yes
7237,no
7238,yes
7239,yes
7240,yes
7241,yes
7242,yes
7243,yes
7244,yes
7245,yes
7246,no
7247,no
7248,yes
7249,no
7250,no
7251,yes
7252,yes
7253,yes
7254,no
7255,no
7256,yes
7257,yes
7258,yes
7259,no
7260,yes
7261,no
7262,yes
7263,yes
7264,yes
7265,yes
7266,yes
7267,yes
7268,yes
7269,no
7270,yes
7271,yes
7272,yes
7273,no
7274,no
7275,yes
7276,no
7277,yes
7278,yes
7279,yes
7280,yes
7281,yes
7282,no
7283,yes
7284,no
7285,yes
7286,yes
7287,yes
7288,yes
7289,yes
7290,no
7291,yes
7292,no
7293,no
7294,no
7295,yes
7296,yes
7297,yes
7298,yes
7299,no
7300,yes
7301,no
7302,yes
7303,no
7304,no
7305,yes
7306,no
7307,yes
7308,yes
7309,no
7310,no
7311,yes
7312,no
7313,yes
7314,yes
7315,no
7316,yes
7317,yes
7318,no
7319,no
7320,no
7321,yes
7322,no
7323,yes
7324,no
7325,no
7326,yes
7327,no
7328,yes
7329,no
7330,no
7331,no
7332,yes
7333,no
7334,yes
7335,no
7336,yes
7337,yes
7338,yes
7339,yes
7340,yes
7341,no
7342,no
7343,yes
7344,yes
7345,yes
7346,no
7347,no
7348,no
7349,yes
7350,yes
7351,yes
7352,yes
7353,no
7354,yes
7355,yes
7356,yes
7357,yes
7358,no
7359,yes
7360,yes
7361,yes
7362,no
7363,yes
7364,yes
7365,no
7366,no
7367,yes
7368,no
7369,yes
7370,yes
7371,yes
7372,no
7373,yes
7374,no
7375,yes
7376,no
7377,no
7378,no
7379,yes
7380,no
7381,yes
7382,yes
7383,no
7384,yes
7385,yes
7386,yes
7387,yes
7388,no
7389,yes
7390,no
7391,yes
7392,yes
7393,no
7394,yes
7395,yes
7396,yes
7397,yes
7398,yes
7399,no
7400,yes
7401,yes
7402,yes
7403,yes
7404,no
7405,no
7406,no
7407,no
7408,yes
7409,no
7410,no
7411,no
7412,yes
7413,no
7414,no
7415,no
7416,no
7417,yes
7418,yes
7419,no
7420,no
7421,yes
7422,yes
7423,yes
7424,no
7425,yes
7426,yes
7427,no
7428,no
7429,yes
7430,yes
7431,no
7432,no
7433,no
7434,no
7435,yes
7436,no
7437,no
7438,no
7439,yes
7440,yes
7441,no
7442,no
7443,no
7444,no
7445,no
7446,no
7447,yes
7448,yes
7449,no
7450,yes
7451,yes
7452,no
7453,no
7454,no
7455,yes
7456,yes
7457,yes
7458,yes
7459,yes
7460,no
7461,yes
7462,no
7463,yes
7464,yes
7465,no
7466,yes
7467,no
7468,no
7469,no
7470,no
7471,yes
7472,yes
7473,no
7474,no
7475,yes
7476,yes
7477,yes
7478,yes
7479,no
7480,no
7481,yes
7482,yes
7483,no
7484,no
7485,yes
7486,yes
7487,no
7488,yes
7489,yes
7490,no
7491,yes
7492,yes
7493,no
7494,yes
7495,no
7496,no
7497,yes
7498,no
7499,no
7500,yes
7501,no
7502,yes
7503,no
7504,no
7505,yes
7506,no
7507,no
7508,no
7509,no
7510,no
7511,yes
7512,no
7513,no
7514,yes
7515,yes
7516,yes
7517,yes
7518,yes
7519,yes
7520,no
7521,no
7522,yes
7523,no
7524,no
7525,no
7526,yes
7527,no
7528,no
7529,no
7530,yes
7531,yes
7532,yes
7533,no
7534,no
7535,no
7536,no
7537,yes
7538,no
7539,no
7540,yes
7541,yes
7542,yes
7543,no
7544,yes
7545,no
7546,yes
7547,no
7548,yes
7549,yes
7550,no
7551,yes
7552,no
7553,yes
7554,no
7555,yes
7556,no
7557,yes
7558,yes
7559,no
7560,yes
7561,no
7562,no
7563,no
7564,no
7565,no
7566,no
7567,no
7568,yes
7569,yes
7570,no
7571,yes
7572,no
7573,yes
7574,yes
7575,no
7576,yes
7577,yes
7578,no
7579,no
7580,yes
7581,yes
7582,no
7583,no
7584,yes
7585,yes
7586,yes
7587,no
7588,yes
7589,yes
7590,yes
7591,yes
7592,no
7593,yes
7594,no
7595,yes
7596,yes
7597,yes
7598,yes
7599,yes
7600,no
7601,no
7602,no
7603,no
7604,no
7605,no
7606,yes
7607,no
7608,yes
7609,no
7610,yes
7611,yes
7612,yes
7613,yes
7614,yes
7615,no
7616,yes
7617,yes
7618,yes
7619,yes
7620,yes
7621,no
7622,yes
7623,no
7624,no
7625,no
7626,yes
7627,yes
7628,no
7629,no
7630,no
7631,yes
7632,no
7633,no
7634,no
7635,yes
7636,yes
7637,yes
7638,no
7639,no
7640,yes
7641,yes
7642,no
7643,yes
7644,yes
7645,yes
7646,no
7647,yes
7648,yes
7649,yes
7650,no
7651,yes
7652,yes
7653,no
7654,yes
7655,yes
7656,yes
7657,yes
7658,no
7659,no
7660,no
7661,no
7662,yes
7663,no
7664,yes
7665,yes
7666,yes
7667,yes
7668,no
7669,yes
7670,yes
7671,yes
7672,no
7673,no
7674,no
7675,no
7676,yes
7677,yes
7678,yes
7679,yes
7680,no
7681,yes
7682,no
7683,no
7684,no
7685,no
7686,no
7687,no
7688,no
7689,no
7690,yes
7691,no
7692,no
7693,yes
7694,no
7695,no
7696,no
7697,no
7698,yes
7699,yes
7700,yes
7701,yes
7702,yes
7703,yes
7704,yes
7705,yes
7706,no
7707,no
7708,yes
7709,no
7710,no
7711,yes
7712,no
7713,no
7714,no
7715,yes
7716,no
7717,yes
7718,no
7719,no
7720,no
7721,no
7722,no
7723,no
7724,yes
7725,no
7726,yes
7727,yes
7728,yes
7729,no
7730,yes
7731,no
7732,yes
7733,no
7734,yes
7735,yes
7736,no
7737,yes
7738,no
7739,yes
7740,no
7741,yes
7742,no
7743,no
7744,no
7745,yes
7746,yes
7747,yes
7748,no
7749,yes
7750,no
7751,no
7752,no
7753,yes
7754,no
7755,no
7756,no
7757,yes
7758,yes
7759,no
7760,no
7761,yes
7762,no
7763,no
7764,yes
7765,yes
7766,yes
7767,yes
7768,yes
7769,no
7770,yes
7771,no
7772,no
7773,yes
7774,yes
7775,yes
7776,no
7777,yes
7778,yes
7779,no
7780,yes
7781,no
7782,no
7783,no
7784,yes
7785,yes
7786,no
7787,yes
7788,yes
7789,yes
7790,yes
7791,yes
7792,yes
7793,yes
7794,yes
7795,no
7796,yes
7797,no
7798,yes
7799,no
7800,no
7801,yes
7802,no
7803,no
7804,yes
7805,yes
7806,no
7807,no
7808,yes
7809,no
7810,no
7811,no
7812,no
7813,no
7814,yes
7815,yes
7816,no
7817,no
7818,yes
7819,no
7820,no
7821,no
7822,no
7823,no
7824,no
7825,no
7826,no
7827,no
7828,yes
7829,yes
7830,yes
7831,yes
7832,no
7833,yes
7834,no
7835,yes
7836,yes
7837,no
7838,yes
7839,no
7840,yes
7841,yes
7842,yes
7843,yes
7844,yes
7845,no
7846,yes
7847,yes
7848,yes
7849,no
7850,no
7851,yes
7852,no
7853,no
7854,no
7855,no
7856,no
7857,no
7858,no
7859,yes
7860,yes
7861,no
7862,yes
7863,yes
7864,no
7865,yes
7866,yes
7867,yes
7868,yes
7869,no
7870,yes
7871,yes
7872,yes
7873,no
7874,no
7875,no
7876,no
7877,no
7878,no
7879,yes
7880,no
7881,yes
7882,no
7883,yes
7884,yes
7885,yes
7886,no
7887,yes
7888,yes
7889,no
7890,yes
7891,no
7892,no
7893,no
7894,no
7895,yes
7896,no
7897,yes
7898,no
7899,yes
7900,yes
7901,yes
7902,yes
7903,yes
7904,yes
7905,yes
7906,yes
7907,yes
7908,no
7909,yes
7910,yes
7911,no
7912,yes
7913,no
7914,no
7915,no
7916,no
7917,yes
7918,no
7919,yes
7920,no
7921,no
7922,yes
7923,no
7924,yes
7925,no
7926,no
7927,yes
7928,yes
7929,no
7930,no
7931,no
7932,yes
7933,no
7934,no
7935,yes
7936,no
7937,yes
7938,no
7939,yes
7940,yes
7941,yes
7942,no
7943,no
7944,yes
7945,yes
7946,no
7947,no
7948,no
7949,no
7950,yes
7951,yes
7952,no
7953,no
7954,no
7955,no
7956,no
7957,no
7958,yes
7959,yes
7960,yes
7961,yes
7962,no
7963,no
7964,yes
7965,yes
7966,yes
7967,yes
7968,no
7969,no
7970,yes
7971,no
7972,yes
7973,yes
7974,yes
7975,no
7976,no
7977,yes
7978,no
7979,no
7980,yes
7981,yes
7982,yes
7983,yes
7984,no
7985,no
7986,yes
7987,no
7988,no
7989,yes
7990,yes
7991,yes
7992,yes
7993,yes
7994,no
7995,no
7996,yes
7997,no
7998,yes
7999,no
8000,no
8001,no
8002,no
8003,no
8004,yes
8005,yes
8006,yes
8007,no
8008,yes
8009,no
8010,yes
8011,yes
8012,yes
8013,no
8014,yes
8015,yes
8016,no
8017,no
8018,yes
8019,yes
8020,no
8021,no
8022,no
8023,yes
8024,no
8025,yes
8026,no
8027,yes
8028,yes
8029,yes
8030,no
8031,yes
8032,yes
8033,yes
8034,yes
8035,no
8036,no
8037,no
8038,no
8039,yes
8040,no
8041,no
8042,yes
8043,yes
8044,no
8045,no
8046,no
8047,yes
8048,yes
8049,no
8050,yes
8051,no
8052,yes
8053,yes
8054,yes
8055,no
8056,no
8057,yes
8058,yes
8059,yes
8060,yes
8061,yes
8062,yes
8063,yes
8064,yes
8065,no
8066,yes
8067,yes
8068,yes
8069,yes
8070,no
8071,no
8072,no
8073,yes
8074,yes
8075,no
8076,no
8077,no
8078,yes
8079,yes
8080,yes
8081,yes
8082,no
8083,no
8084,yes
8085,no
8086,no
8087,yes
8088,yes
8089,yes
8090,no
8091,no
8092,no
8093,no
8094,no
8095,no
8096,no
8097,yes
8098,yes
8099,no
8100,no
8101,no
8102,no
8103,no
8104,yes
8105,yes
8106,no
8107,yes
8108,no
8109,yes
8110,no
8111,yes
8112,no
8113,yes
8114,yes
8115,yes
8116,no
8117,yes
8118,yes
8119,yes
8120,yes
8121,yes
8122,no
8123,yes
8124,yes
8125,no
8126,yes
8127,no
8128,no
8129,yes
8130,yes
8131,no
8132,no
8133,no
8134,no
8135,yes
8136,yes
8137,no
8138,yes
8139,no
8140,yes
8141,yes
8142,no
8143,yes
8144,no
8145,no
8146,yes
8147,no
8148,yes
8149,yes
8150,no
8151,yes
8152,no
8153,no
8154,no
8155,yes
8156,no
8157,yes
8158,no
8159,no
8160,yes
8161,no
8162,yes
8163,no
8164,no
8165,no
8166,yes
8167,yes
8168,no
8169,yes
8170,yes
8171,yes
8172,yes
8173,no
8174,yes
8175,yes
8176,yes
8177,no
8178,no
8179,no
8180,yes
8181,no
8182,no
8183,yes
8184,yes
8185,no
8186,no
8187,no
8188,yes
8189,yes
8190,yes
8191,no
8192,no
8193,no
8194,yes
8195,yes
8196,no
8197,no
8198,yes
8199,yes
8200,yes
8201,yes
8202,no
8203,no
8204,yes
8205,yes
8206,no
8207,no
8208,no
8209,yes
8210,no
8211,no
8212,yes
8213,no
8214,yes
8215,no
8216,yes
8217,yes
8218,yes
8219,yes
8220,no
8221,yes
8222,yes
8223,no
8224,yes
8225,yes
8226,no
8227,yes
8228,yes
8229,no
8230,yes
8231,no
8232,no
8233,no
8234,yes
8235,no
8236,yes
8237,no
8238,yes
8239,no
8240,yes
8241,yes
8242,no
8243,no
8244,no
8245,no
8246,no
8247,no
8248,yes
8249,yes
8250,no
8251,yes
8252,no
8253,yes
8254,no
8255,yes
8256,no
8257,yes
8258,yes
8259,no
8260,yes
8261,yes
8262,no
8263,yes
8264,yes
8265,no
8266,no
8267,no
8268,no
8269,no
8270,no
8271,yes
8272,no
8273,yes
8274,yes
8275,no
8276,no
8277,yes
8278,yes
8279,no
8280,yes
8281,yes
8282,yes
8283,no
8284,no
8285,yes
8286,no
8287,yes
8288,no
8289,no
8290,no
8291,no
8292,no
8293,no
8294,yes
8295,yes
8296,no
8297,yes
8298,yes
8299,no
8300,yes
8301,no
8302,yes
8303,yes
8304,no
8305,yes
8306,yes
8307,no
8308,yes
8309,no
8310,yes
8311,no
8312,no
8313,no
8314,yes
8315,no
8316,yes
8317,no
8318,yes
8319,yes
8320,no
8321,yes
8322,no
8323,yes
8324,yes
8325,yes
8326,no
8327,yes
8328,yes
8329,no
8330,no
8331,no
8332,yes
8333,yes
8334,no
8335,yes
8336,no
8337,no
8338,yes
8339,yes
8340,no
8341,no
8342,yes
8343,yes
8344,yes
8345,no
8346,yes
8347,yes
8348,no
8349,no
8350,yes
8351,no
8352,yes
8353,no
8354,yes
8355,no
8356,no
8357,no
8358,yes
8359,no
8360,yes
8361,no
8362,no
8363,no
8364,yes
8365,no
8366,no
8367,no
8368,no
8369,no
8370,yes
8371,yes
8372,no
8373,yes
8374,yes
8375,no
8376,no
8377,yes
8378,yes
8379,yes
8380,yes
8381,yes
8382,yes
8383,yes
8384,no
8385,yes
8386,no
8387,yes
8388,no
8389,yes
8390,no
8391,yes
8392,yes
8393,no
8394,no
8395,no
8396,yes
8397,no
8398,yes
8399,yes
8400,no
8401,yes
8402,yes
8403,yes
8404,yes
8405,yes
8406,no
8407,yes
8408,yes
8409,yes
8410,no
8411,yes
8412,no
8413,no
8414,no
8415,no
8416,yes
8417,yes
8418,yes
8419,yes
8420,yes
8421,yes
8422,no
8423,yes
8424,no
8425,yes
8426,yes
8427,yes
8428,no
8429,no
8430,yes
8431,yes
8432,no
8433,no
8434,no
8435,yes
8436,yes
8437,no
8438,yes
8439,no
8440,yes
8441,no
8442,yes
8443,yes
8444,yes
8445,yes
8446,yes
8447,no
8448,no
8449,yes
8450,no
8451,yes
8452,no
8453,no
8454,no
8455,yes
8456,no
8457,yes
8458,no
8459,yes
8460,no
8461,no
8462,yes
8463,no
8464,no
8465,yes
8466,no
8467,no
8468,no
8469,no
8470,yes
8471,yes
8472,no
8473,yes
8474,yes
8475,no
8476,no
8477,yes
8478,yes
8479,no
8480,yes
8481,yes
8482,yes
8483,no
8484,no
8485,yes
8486,yes
8487,yes
8488,yes
8489,yes
8490,no
8491,no
8492,no
8493,yes
8494,yes
8495,no
8496,no
8497,no
8498,no
8499,no
8500,yes
8501,yes
8502,no
8503,no
8504,no
8505,no
8506,yes
8507,yes
8508,no
8509,yes
8510,yes
8511,yes
8512,yes
8513,yes
8514,yes
8515,no
8516,yes
8517,no
8518,yes
8519,yes
8520,no
8521,yes
8522,no
8523,no
8524,yes
8525,yes
8526,no
8527,no
8528,yes
8529,no
8530,no
8531,yes
8532,no
8533,yes
8534,no
8535,no
8536,yes
8537,yes
8538,no
8539,yes
8540,yes
8541,yes
8542,no
8543,no
8544,no
8545,no
8546,no
8547,no
8548,yes
8549,no
8550,yes
8551,yes
8552,no
8553,yes
8554,yes
8555,yes
8556,no
8557,no
8558,yes
8559,no
8560,no
8561,yes
8562,no
8563,yes
8564,yes
8565,no
8566,yes
8567,no
8568,yes
8569,no
8570,no
8571,no
8572,yes
8573,yes
8574,no
8575,no
8576,no
8577,yes
8578,yes
8579,yes
8580,yes
8581,yes
8582,no
8583,no
8584,no
8585,no
8586,no
8587,yes
8588,no
8589,no
8590,no
8591,no
8592,no
8593,yes
8594,no
8595,yes
8596,yes
8597,no
8598,no
8599,yes
8600,no
8601,yes
8602,yes
8603,yes
8604,yes
8605,no
8606,no
8607,yes
8608,no
8609,yes
8610,no
8611,yes
8612,yes
8613,yes
8614,yes
8615,no
8616,yes
8617,no
8618,yes
8619,yes
8620,yes
8621,yes
8622,yes
8623,no
8624,no
8625,yes
8626,no
8627,yes
8628,yes
8629,no
8630,no
8631,yes
8632,no
8633,no
8634,yes
8635,no
8636,yes
8637,no
8638,yes
8639,no
8640,no
8641,yes
8642,yes
8643,no
8644,no
8645,yes
8646,yes
8647,no
8648,no
8649,no
8650,no
8651,yes
8652,no
8653,no
8654,yes
8655,yes
8656,no
8657,no
8658,no
8659,yes
8660,no
8661,yes
8662,no
8663,no
8664,no
8665,no
8666,no
8667,no
8668,yes
8669,no
8670,yes
8671,no
8672,yes
8673,yes
8674,no
8675,yes
8676,yes
8677,yes
8678,yes
8679,no
8680,yes
8681,yes
8682,yes
8683,no
8684,no
8685,no
8686,no
8687,yes
8688,yes
8689,no
8690,yes
8691,no
8692,yes
8693,yes
8694,yes
8695,no
8696,yes
8697,yes
8698,yes
8699,no
8700,yes
8701,yes
8702,yes
8703,yes
8704,yes
8705,yes
8706,no
8707,yes
8708,yes
8709,yes
8710,yes
8711,yes
8712,yes
8713,yes
8714,no
8715,no
8716,no
8717,no
8718,yes
8719,yes
8720,yes
8721,yes
8722,no
8723,no
8724,yes
8725,yes
8726,yes
8727,yes
8728,no
8729,yes
8730,yes
8731,no
8732,yes
8733,no
8734,yes
8735,yes
8736,yes
8737,yes
8738,yes
8739,no
8740,yes
8741,no
8742,no
8743,no
8744,no
8745,no
8746,no
8747,no
8748,no
8749,yes
8750,no
8751,no
8752,no
8753,yes
8754,no
8755,no
8756,yes
8757,no
8758,yes
8759,yes
8760,no
8761,yes
8762,no
8763,no
8764,yes
8765,yes
8766,no
8767,yes
8768,yes
8769,no
8770,yes
8771,no
8772,no
8773,no
8774,no
8775,yes
8776,no
8777,yes
8778,yes
8779,no
8780,yes
8781,yes
8782,yes
8783,no
8784,yes
8785,no
8786,yes
8787,no
8788,no
8789,no
8790,yes
8791,yes
8792,no
8793,yes
8794,no
8795,no
8796,no
8797,yes
8798,no
8799,no
8800,yes
8801,no
8802,yes
8803,yes
8804,yes
8805,no
8806,yes
8807,yes
8808,no
8809,yes
8810,no
8811,yes
8812,no
8813,no
8814,no
8815,yes
8816,yes
8817,yes
8818,no
8819,yes
8820,yes
8821,no
8822,no
8823,no
8824,no
8825,yes
8826,no
8827,yes
8828,yes
8829,yes
8830,yes
8831,yes
8832,yes
8833,no
8834,yes
8835,no
8836,no
8837,yes
8838,no
8839,no
8840,no
8841,no
8842,no
8843,no
8844,yes
8845,yes
8846,no
8847,no
8848,yes
8849,yes
8850,no
8851,yes
8852,yes
8853,yes
8854,no
8855,yes
8856,no
8857,yes
8858,yes
8859,yes
8860,no
8861,yes
8862,no
8863,yes
8864,yes
8865,no
8866,yes
8867,no
8868,no
8869,no
8870,yes
8871,yes
8872,no
8873,yes
8874,yes
8875,yes
8876,yes
8877,no
8878,no
8879,no
8880,no
8881,no
8882,no
8883,yes
8884,yes
8885,yes
8886,no
8887,yes
8888,yes
8889,no
8890,no
8891,yes
8892,yes
8893,no
8894,no
8895,no
8896,yes
8897,yes
8898,yes
8899,yes
8900,yes
8901,yes
8902,no
8903,no
8904,no
8905,no
8906,no
8907,no
8908,no
8909,yes
8910,no
8911,no
8912,no
8913,yes
8914,yes
8915,no
8916,yes
8917,yes
8918,yes
8919,no
8920,no
8921,yes
8922,yes
8923,yes
8924,no
8925,no
8926,no
8927,yes
8928,yes
8929,no
8930,no
8931,yes
8932,no
8933,yes
8934,yes
8935,no
8936,yes
8937,yes
8938,no
8939,yes
8940,yes
8941,no
8942,yes
8943,no
8944,no
8945,yes
8946,yes
8947,yes
8948,no
8949,no
8950,no
8951,no
8952,no
8953,yes
8954,no
8955,no
8956,no
8957,no
8958,yes
8959,yes
8960,yes
8961,no
8962,yes
8963,no
8964,no
8965,no
8966,yes
8967,yes
8968,no
8969,yes
8970,no
8971,yes
8972,no
8973,no
8974,yes
8975,no
8976,yes
8977,no
8978,no
8979,no
8980,yes
8981,no
8982,yes
8983,yes
8984,no
8985,yes
8986,no
8987,yes
8988,no
8989,yes
8990,no
8991,no
8992,yes
8993,yes
8994,yes
8995,no
8996,no
8997,yes
8998,yes
8999,yes
9000,no
9001,no
9002,yes
9003,no
9004,yes
9005,yes
9006,yes
9007,yes
9008,yes
9009,yes
9010,yes
9011,yes
9012,no
9013,no
9014,no
9015,yes
9016,yes
9017,no
9018,yes
9019,yes
9020,yes
9021,no
9022,yes
9023,yes
9024,no
9025,yes
9026,no
9027,yes
9028,no
9029,yes
9030,yes
9031,no
9032,yes
9033,yes
9034,no
9035,yes
9036,no
9037,yes
9038,no
9039,yes
9040,yes
9041,no
9042,yes
9043,yes
9044,yes
9045,yes
9046,yes
9047,yes
9048,yes
9049,yes
9050,no
9051,yes
9052,no
9053,no
9054,no
9055,yes
9056,yes
9057,yes
9058,no
9059,no
9060,yes
9061,yes
9062,yes
9063,no
9064,no
9065,no
9066,yes
9067,no
9068,yes
9069,yes
9070,yes
9071,yes
9072,no
9073,yes
9074,no
9075,no
9076,no
9077,yes
9078,no
9079,yes
9080,yes
9081,yes
9082,no
9083,yes
9084,no
9085,yes
9086,no
9087,no
9088,no
9089,yes
9090,yes
9091,yes
9092,yes
9093,yes
9094,no
9095,yes
9096,yes
9097,no
9098,no
9099,no
9100,yes
9101,yes
9102,yes
9103,no
9104,yes
9105,no
9106,yes
9107,yes
9108,yes
9109,yes
9110,no
9111,no
9112,yes
9113,no
9114,yes
9115,yes
9116,yes
9117,yes
9118,yes
9119,no
9120,no
9121,yes
9122,no
9123,yes
9124,no
9125,yes
9126,yes
9127,no
9128,yes
9129,no
9130,yes
9131,no
9132,no
9133,yes
9134,no
9135,yes
9136,no
9137,yes
9138,no
9139,no
9140,yes
9141,yes
9142,yes
9143,yes
9144,yes
9145,yes
9146,yes
9147,no
9148,no
9149,yes
9150,no
9151,no
9152,yes
9153,no
9154,yes
9155,yes
9156,yes
9157,no
9158,no
9159,yes
9160,yes
9161,no
9162,yes
9163,yes
9164,yes
9165,yes
9166,no
9167,yes
9168,no
9169,yes
9170,no
9171,no
9172,yes
9173,no
9174,no
9175,no
9176,yes
9177,no
9178,yes
9179,yes
9180,yes
9181,yes
9182,yes
9183,yes
9184,no
9185,yes
9186,no
9187,no
9188,yes
9189,yes
9190,yes
9191,no
9192,no
9193,yes
9194,yes
9195,yes
9196,yes
9197,no
9198,no
9199,yes
9200,no
9201,no
9202,no
9203,no
9204,no
9205,no
9206,yes
9207,yes
9208,no
9209,yes
9210,yes
9211,yes
9212,no
9213,yes
9214,yes
9215,no
9216,no
9217,yes
9218,no
9219,no
9220,yes
9221,no
9222,no
9223,yes
9224,no
9225,no
9226,no
9227,yes
9228,yes
9229,yes
9230,no
9231,yes
9232,no
9233,yes
9234,yes
9235,yes
9236,no
9237,no
9238,yes
9239,yes
9240,yes
9241,no
9242,yes
9243,no
9244,no
9245,yes
9246,no
9247,no
9248,yes
9249,no
9250,yes
9251,yes
9252,no
9253,no
9254,yes
9255,yes
9256,no
9257,yes
9258,no
9259,no
9260,yes
9261,yes
9262,no
9263,yes
9264,no
9265,yes
9266,no
9267,no
9268,yes
9269,yes
9270,no
9271,no
9272,yes
9273,yes
9274,yes
9275,yes
9276,no
9277,yes
9278,no
9279,no
9280,yes
9281,yes
9282,no
9283,yes
9284,yes
9285,no
9286,yes
9287,no
9288,no
9289,no
9290,no
9291,yes
9292,no
9293,no
9294,yes
9295,no
9296,yes
9297,no
9298,no
9299,no
9300,yes
9301,no
9302,no
9303,no
9304,no
9305,yes
9306,no
9307,yes
9308,no
9309,yes
9310,yes
9311,yes
9312,no
9313,no
9314,no
9315,yes
9316,yes
9317,no
9318,no
9319,no
9320,yes
9321,yes
9322,yes
9323,yes
9324,no
9325,no
9326,no
9327,no
9328,no
9329,yes
9330,yes
9331,yes
9332,yes
9333,no
9334,no
9335,no
9336,no
9337,yes
9338,no
9339,yes
9340,yes
9341,no
9342,no
9343,no
9344,yes
9345,yes
9346,yes
9347,no
9348,no
9349,no
9350,no
9351,yes
9352,no
9353,no
9354,no
9355,no
9356,no
9357,no
9358,no
9359,no
9360,no
9361,no
9362,no
9363,no
9364,yes
9365,yes
9366,yes
9367,yes
9368,yes
9369,no
9370,yes
9371,no
9372,no
9373,yes
9374,no
9375,no
9376,yes
9377,no
9378,no
9379,yes
9380,yes
9381,no
9382,no
9383,no
9384,yes
9385,no
9386,yes
9387,yes
9388,yes
9389,no
9390,yes
9391,no
9392,yes
9393,yes
9394,no
9395,yes
9396,no
9397,yes
9398,yes
9399,no
9400,yes
9401,yes
9402,no
9403,no
9404,no
9405,no
9406,yes
9407,no
9408,no
9409,no
9410,yes
9411,no
9412,yes
9413,no
9414,no
9415,no
9416,yes
9417,no
9418,no
9419,no
9420,no
9421,yes
9422,no
9423,yes
9424,no
9425,yes
9426,no
9427,yes
9428,no
9429,no
9430,no
9431,yes
9432,yes
9433,no
9434,yes
9435,yes
9436,no
9437,yes
9438,no
9439,yes
9440,yes
9441,yes
9442,no
9443,no
9444,no
9445,yes
9446,no
9447,no
9448,yes
9449,no
9450,yes
9451,no
9452,yes
9453,no
9454,no
9455,yes
9456,no
9457,no
9458,yes
9459,no
9460,yes
9461,yes
9462,no
9463,no
9464,no
9465,no
9466,no
9467,yes
9468,yes
9469,yes
9470,no
9471,yes
9472,yes
9473,no
9474,no
9475,yes
9476,yes
9477,yes
9478,no
9479,no
9480,yes
9481,yes
9482,yes
9483,no
9484,yes
9485,no
9486,yes
9487,yes
9488,yes
9489,no
9490,no
9491,no
9492,yes
9493,yes
9494,yes
9495,yes
9496,yes
9497,no
9498,no
9499,yes
9500,yes
9501,yes
9502,yes
9503,no
9504,no
9505,yes
9506,no
9507,no
9508,yes
9509,no
9510,yes
9511,no
9512,no
9513,no
9514,no
9515,yes
9516,yes
9517,no
9518,no
9519,no
9520,no
9521,yes
9522,yes
9523,no
9524,no
9525,no
9526,yes
9527,no
9528,no
9529,no
9530,yes
9531,no
9532,no
9533,no
9534,no
9535,no
9536,yes
9537,no
9538,no
9539,no
9540,yes
9541,no
9542,yes
9543,no
9544,yes
9545,no
9546,yes
9547,no
9548,yes
9549,no
9550,no
9551,no
9552,no
9553,no
9554,yes
9555,yes
9556,yes
9557,no
9558,no
9559,no
9560,no
9561,no
9562,yes
9563,no
9564,no
9565,yes
9566,no
9567,yes
9568,no
9569,yes
9570,no
9571,no
9572,yes
9573,no
9574,no
9575,no
9576,yes
9577,yes
9578,yes
9579,no
9580,yes
9581,yes
9582,yes
9583,yes
9584,yes
9585,no
9586,no
9587,yes
9588,yes
9589,no
9590,no
9591,no
9592,yes
9593,no
9594,yes
9595,yes
9596,no
9597,yes
9598,no
9599,no
9600,yes
9601,no
9602,no
9603,no
9604,yes
9605,yes
9606,no
9607,no
9608,no
9609,no
9610,no
9611,no
9612,no
9613,yes
9614,yes
9615,yes
9616,yes
9617,yes
9618,yes
9619,yes
9620,no
9621,no
9622,no
9623,no
9624,no
9625,no
9626,yes
9627,no
9628,no
9629,yes
9630,no
9631,yes
9632,no
9633,yes
9634,no
9635,yes
9636,no
9637,yes
9638,yes
9639,no
9640,no
9641,yes
9642,yes
9643,yes
9644,yes
9645,yes
9646,yes
9647,yes
9648,no
9649,yes
9650,yes
9651,no
9652,no
9653,yes
9654,no
9655,no
9656,no
9657,yes
9658,yes
9659,yes
9660,no
9661,yes
9662,yes
9663,yes
9664,yes
9665,yes
9666,no
9667,yes
9668,yes
9669,yes
9670,no
9671,no
9672,no
9673,yes
9674,no
9675,yes
9676,no
9677,yes
9678,no
9679,no
9680,no
9681,no
9682,no
9683,yes
9684,yes
9685,yes
9686,yes
9687,yes
9688,yes
9689,yes
9690,no
9691,no
9692,no
9693,no
9694,yes
9695,no
9696,no
9697,yes
9698,no
9699,no
9700,no
9701,no
9702,yes
9703,yes
9704,yes
9705,no
9706,no
9707,no
9708,no
9709,yes
9710,no
9711,no
9712,no
9713,yes
9714,yes
9715,no
9716,no
9717,no
9718,no
9719,no
9720,no
9721,yes
9722,yes
9723,yes
9724,yes
9725,yes
9726,yes
9727,no
9728,no
9729,no
9730,yes
9731,yes
9732,no
9733,no
9734,yes
9735,yes
9736,yes
9737,yes
9738,yes
9739,yes
9740,yes
9741,no
9742,no
9743,yes
9744,no
9745,no
9746,no
9747,no
9748,yes
9749,no
9750,yes
9751,no
9752,no
9753,yes
9754,no
9755,yes
9756,yes
9757,yes
9758,no
9759,yes
9760,no
9761,no
9762,no
9763,yes
9764,no
9765,no
9766,no
9767,yes
9768,yes
9769,no
9770,no
9771,yes
9772,no
9773,no
9774,yes
9775,yes
9776,yes
9777,no
9778,yes
9779,no
9780,yes
9781,no
9782,no
9783,no
9784,yes
9785,no
9786,yes
9787,yes
9788,no
9789,no
9790,no
9791,yes
9792,no
9793,yes
9794,no
9795,no
9796,yes
9797,no
9798,yes
9799,yes
9800,yes
9801,yes
9802,yes
9803,no
9804,yes
9805,no
9806,no
9807,yes
9808,no
9809,yes
9810,yes
9811,no
9812,yes
9813,yes
9814,no
9815,yes
9816,yes
9817,no
9818,yes
9819,no
9820,yes
9821,yes
9822,no
9823,no
9824,yes
9825,no
9826,no
9827,yes
9828,yes
9829,yes
9830,no
9831,yes
9832,no
9833,no
9834,yes
9835,yes
9836,no
9837,no
9838,no
9839,yes
9840,yes
9841,no
9842,yes
9843,no
9844,no
9845,no
9846,yes
9847,yes
9848,no
9849,no
9850,no
9851,no
9852,no
9853,no
9854,yes
9855,yes
9856,no
9857,no
9858,no
9859,yes
9860,yes
9861,yes
9862,yes
9863,yes
9864,yes
9865,yes
9866,yes
9867,no
9868,no
9869,yes
9870,yes
9871,yes
9872,yes
9873,yes
9874,no
9875,yes
9876,no
9877,no
9878,no
9879,no
9880,yes
9881,no
9882,yes
9883,yes
9884,no
9885,no
9886,no
9887,no
9888,yes
9889,no
9890,no
9891,no
9892,yes
9893,yes
9894,yes
9895,no
9896,yes
9897,no
9898,no
9899,no
9900,yes
9901,yes
9902,yes
9903,yes
9904,no
9905,yes
9906,no
9907,yes
9908,no
9909,yes
9910,yes
9911,yes
9912,yes
9913,no
9914,yes
9915,no
9916,yes
9917,no
9918,no
9919,yes
9920,yes
9921,yes
9922,yes
9923,yes
9924,yes
9925,no
9926,yes
9927,yes
9928,yes
9929,yes
9930,no
9931,no
9932,no
9933,no
9934,no
9935,no
9936,no
9937,no
9938,yes
9939,no
9940,no
9941,yes
9942,no
9943,no
9944,no
9945,no
9946,no
9947,no
9948,no
9949,no
9950,yes
9951,no
9952,yes
9953,yes
9954,yes
9955,no
9956,yes
9957,yes
9958,yes
9959,yes
9960,yes
9961,yes
9962,yes
9963,no
9964,yes
9965,yes
9966,no
9967,no
9968,yes
9969,yes
9970,no
9971,yes
9972,yes
9973,no
9974,yes
9975,no
9976,yes
9977,no
9978,no
9979,yes
9980,no
9981,no
9982,no
9983,yes
9984,yes
9985,no
9986,no
9987,yes
9988,no
9989,no
9990,no
9991,no
9992,yes
9993,yes
9994,yes
9995,yes
9996,no
9997,no
9998,no
9999,no
